id,contrat_id,client_id,date_emission,date_echeance,montant_brut,montant_net,statut,date_encaissement
PRM00001,POL0001,CLT001,2025-05-04,2025-06-04,527,501,encaissée,2025-05-19
PRM00002,POL0001,CLT001,2025-06-04,2025-07-04,527,501,encaissée,2025-06-09
PRM00003,POL0001,CLT001,2025-07-04,2025-08-04,527,501,encaissée,2025-07-09
PRM00004,POL0001,CLT001,2025-08-04,2025-09-04,527,501,encaissée,2025-08-13
PRM00005,POL0001,CLT001,2025-09-04,2025-10-04,527,501,encaissée,2025-09-14
PRM00006,POL0001,CLT001,2025-10-04,2025-11-04,527,501,encaissée,2025-10-18
PRM00007,POL0001,CLT001,2025-11-04,2025-12-04,527,501,encaissée,2025-11-09
PRM00008,POL0001,CLT001,2025-12-04,2026-01-04,527,501,encaissée,2025-12-14
PRM00009,POL0001,CLT001,2026-01-04,2026-02-04,527,501,encaissée,2026-01-15
PRM00010,POL0001,CLT001,2026-02-04,2026-03-04,527,501,encaissée,2026-02-17
PRM00011,POL0001,CLT001,2026-03-04,2026-04-04,527,501,encaissée,2026-03-14
PRM00012,POL0001,CLT001,2026-04-04,2026-05-04,527,501,encaissée,2026-04-11
PRM00013,POL0002,CLT001,2026-02-16,2026-03-16,1456,1383,encaissée,2026-03-01
PRM00014,POL0002,CLT001,2026-03-16,2026-04-16,1456,1383,encaissée,2026-03-18
PRM00015,POL0002,CLT001,2026-04-16,2026-05-16,1456,1383,encaissée,2026-04-21
PRM00016,POL0003,CLT001,2025-07-22,2025-08-22,1044,992,encaissée,2025-07-24
PRM00017,POL0003,CLT001,2025-08-22,2025-09-22,1044,992,encaissée,2025-08-27
PRM00018,POL0003,CLT001,2025-09-22,2025-10-22,1044,992,encaissée,2025-10-01
PRM00019,POL0003,CLT001,2025-10-22,2025-11-22,1044,992,encaissée,2025-10-28
PRM00020,POL0003,CLT001,2025-11-22,2025-12-22,1044,992,encaissée,2025-12-01
PRM00021,POL0003,CLT001,2025-12-22,2026-01-22,1044,992,encaissée,2026-01-02
PRM00022,POL0003,CLT001,2026-01-22,2026-02-22,1044,992,encaissée,2026-01-27
PRM00023,POL0003,CLT001,2026-02-22,2026-03-22,1044,992,encaissée,2026-02-24
PRM00024,POL0003,CLT001,2026-03-22,2026-04-22,1044,992,encaissée,2026-03-25
PRM00025,POL0003,CLT001,2026-04-22,2026-05-22,1044,992,encaissée,2026-04-24
PRM00026,POL0004,CLT001,2026-01-24,2026-02-24,2020,1919,encaissée,2026-01-30
PRM00027,POL0004,CLT001,2026-02-24,2026-03-24,2020,1919,encaissée,2026-03-03
PRM00028,POL0004,CLT001,2026-03-24,2026-04-24,2020,1919,encaissée,2026-03-26
PRM00029,POL0004,CLT001,2026-04-24,2026-05-24,2020,1919,encaissée,2026-05-03
PRM00030,POL0005,CLT002,2024-09-16,2024-10-16,1852,1759,encaissée,2024-10-01
PRM00031,POL0005,CLT002,2024-10-16,2024-11-16,1852,1759,encaissée,2024-10-22
PRM00032,POL0005,CLT002,2024-11-16,2024-12-16,1852,1759,encaissée,2024-11-25
PRM00033,POL0005,CLT002,2024-12-16,2025-01-16,1852,1759,encaissée,2024-12-23
PRM00034,POL0005,CLT002,2025-01-16,2025-02-16,1852,1759,encaissée,2025-01-24
PRM00035,POL0005,CLT002,2025-02-16,2025-03-16,1852,1759,encaissée,2025-02-18
PRM00036,POL0005,CLT002,2025-03-16,2025-04-16,1852,1759,encaissée,2025-03-25
PRM00037,POL0005,CLT002,2025-04-16,2025-05-16,1852,1759,encaissée,2025-04-24
PRM00038,POL0005,CLT002,2025-05-16,2025-06-16,1852,1759,encaissée,2025-05-20
PRM00039,POL0005,CLT002,2025-06-16,2025-07-16,1852,1759,encaissée,2025-06-23
PRM00040,POL0005,CLT002,2025-07-16,2025-08-16,1852,1759,encaissée,2025-07-31
PRM00041,POL0005,CLT002,2025-08-16,2025-09-16,1852,1759,encaissée,2025-08-24
PRM00042,POL0005,CLT002,2025-09-16,2025-10-16,1852,1759,encaissée,2025-09-28
PRM00043,POL0005,CLT002,2025-10-16,2025-11-16,1852,1759,encaissée,2025-10-20
PRM00044,POL0005,CLT002,2025-11-16,2025-12-16,1852,1759,encaissée,2025-11-19
PRM00045,POL0005,CLT002,2025-12-16,2026-01-16,1852,1759,encaissée,2025-12-18
PRM00046,POL0005,CLT002,2026-01-16,2026-02-16,1852,1759,encaissée,2026-01-28
PRM00047,POL0005,CLT002,2026-02-16,2026-03-16,1852,1759,encaissée,2026-02-20
PRM00048,POL0005,CLT002,2026-03-16,2026-04-16,1852,1759,encaissée,2026-03-30
PRM00049,POL0005,CLT002,2026-04-16,2026-05-16,1852,1759,encaissée,2026-05-01
PRM00050,POL0006,CLT002,2025-08-16,2025-09-16,820,779,encaissée,2025-08-20
PRM00051,POL0006,CLT002,2025-09-16,2025-10-16,820,779,encaissée,2025-09-24
PRM00052,POL0006,CLT002,2025-10-16,2025-11-16,820,779,encaissée,2025-10-31
PRM00053,POL0006,CLT002,2025-11-16,2025-12-16,820,779,encaissée,2025-11-21
PRM00054,POL0006,CLT002,2025-12-16,2026-01-16,820,779,encaissée,2025-12-19
PRM00055,POL0006,CLT002,2026-01-16,2026-02-16,820,779,encaissée,2026-01-24
PRM00056,POL0006,CLT002,2026-02-16,2026-03-16,820,779,encaissée,2026-03-02
PRM00057,POL0006,CLT002,2026-03-16,2026-04-16,820,779,encaissée,2026-03-26
PRM00058,POL0006,CLT002,2026-04-16,2026-05-16,820,779,encaissée,2026-04-27
PRM00059,POL0007,CLT003,2025-05-14,2025-06-14,158,150,encaissée,2025-05-15
PRM00060,POL0007,CLT003,2025-06-14,2025-07-14,158,150,encaissée,2025-06-29
PRM00061,POL0007,CLT003,2025-07-14,2025-08-14,158,150,encaissée,2025-07-26
PRM00062,POL0007,CLT003,2025-08-14,2025-09-14,158,150,encaissée,2025-08-25
PRM00063,POL0007,CLT003,2025-09-14,2025-10-14,158,150,encaissée,2025-09-23
PRM00064,POL0007,CLT003,2025-10-14,2025-11-14,158,150,encaissée,2025-10-16
PRM00065,POL0007,CLT003,2025-11-14,2025-12-14,158,150,encaissée,2025-11-29
PRM00066,POL0007,CLT003,2025-12-14,2026-01-14,158,150,encaissée,2025-12-21
PRM00067,POL0007,CLT003,2026-01-14,2026-02-14,158,150,encaissée,2026-01-29
PRM00068,POL0007,CLT003,2026-02-14,2026-03-14,158,150,encaissée,2026-02-17
PRM00069,POL0007,CLT003,2026-03-14,2026-04-14,158,150,encaissée,2026-03-25
PRM00070,POL0007,CLT003,2026-04-14,2026-05-14,158,150,encaissée,2026-04-25
PRM00071,POL0008,CLT003,2026-03-21,2026-04-21,853,810,encaissée,2026-04-05
PRM00072,POL0008,CLT003,2026-04-21,2026-05-21,853,810,encaissée,2026-05-02
PRM00073,POL0009,CLT003,2025-09-05,2025-10-05,330,314,encaissée,2025-09-11
PRM00074,POL0009,CLT003,2025-10-05,2025-11-05,330,314,encaissée,2025-10-14
PRM00075,POL0009,CLT003,2025-11-05,2025-12-05,330,314,encaissée,2025-11-19
PRM00076,POL0009,CLT003,2025-12-05,2026-01-05,330,314,encaissée,2025-12-07
PRM00077,POL0009,CLT003,2026-01-05,2026-02-05,330,314,encaissée,2026-01-19
PRM00078,POL0009,CLT003,2026-02-05,2026-03-05,330,314,encaissée,2026-02-15
PRM00079,POL0009,CLT003,2026-03-05,2026-04-05,330,314,encaissée,2026-03-13
PRM00080,POL0009,CLT003,2026-04-05,2026-05-05,330,314,encaissée,2026-04-15
PRM00081,POL0010,CLT003,2024-06-21,2024-07-21,295,280,encaissée,2024-07-05
PRM00082,POL0010,CLT003,2024-07-21,2024-08-21,295,280,encaissée,2024-07-28
PRM00083,POL0010,CLT003,2024-08-21,2024-09-21,295,280,encaissée,2024-09-05
PRM00084,POL0010,CLT003,2024-09-21,2024-10-21,295,280,encaissée,2024-09-26
PRM00085,POL0010,CLT003,2024-10-21,2024-11-21,295,280,encaissée,2024-10-29
PRM00086,POL0010,CLT003,2024-11-21,2024-12-21,295,280,encaissée,2024-12-06
PRM00087,POL0010,CLT003,2024-12-21,2025-01-21,295,280,encaissée,2024-12-24
PRM00088,POL0010,CLT003,2025-01-21,2025-02-21,295,280,encaissée,2025-01-22
PRM00089,POL0010,CLT003,2025-02-21,2025-03-21,295,280,encaissée,2025-03-01
PRM00090,POL0010,CLT003,2025-03-21,2025-04-21,295,280,encaissée,2025-03-23
PRM00091,POL0010,CLT003,2025-04-21,2025-05-21,295,280,encaissée,2025-05-01
PRM00092,POL0010,CLT003,2025-05-21,2025-06-21,295,280,encaissée,2025-05-28
PRM00093,POL0010,CLT003,2025-06-21,2025-07-21,295,280,encaissée,2025-07-04
PRM00094,POL0010,CLT003,2025-07-21,2025-08-21,295,280,encaissée,2025-08-05
PRM00095,POL0010,CLT003,2025-08-21,2025-09-21,295,280,encaissée,2025-08-28
PRM00096,POL0010,CLT003,2025-09-21,2025-10-21,295,280,encaissée,2025-10-02
PRM00097,POL0010,CLT003,2025-10-21,2025-11-21,295,280,encaissée,2025-10-29
PRM00098,POL0010,CLT003,2025-11-21,2025-12-21,295,280,encaissée,2025-12-02
PRM00099,POL0010,CLT003,2025-12-21,2026-01-21,295,280,encaissée,2026-01-03
PRM00100,POL0010,CLT003,2026-01-21,2026-02-21,295,280,encaissée,2026-02-03
PRM00101,POL0010,CLT003,2026-02-21,2026-03-21,295,280,encaissée,2026-03-06
PRM00102,POL0010,CLT003,2026-03-21,2026-04-21,295,280,encaissée,2026-04-03
PRM00103,POL0010,CLT003,2026-04-21,2026-05-21,295,280,encaissée,2026-04-27
PRM00104,POL0011,CLT003,2025-05-06,2025-06-06,1091,1036,encaissée,2025-05-13
PRM00105,POL0011,CLT003,2025-06-06,2025-07-06,1091,1036,encaissée,2025-06-15
PRM00106,POL0011,CLT003,2025-07-06,2025-08-06,1091,1036,encaissée,2025-07-17
PRM00107,POL0011,CLT003,2025-08-06,2025-09-06,1091,1036,encaissée,2025-08-11
PRM00108,POL0011,CLT003,2025-09-06,2025-10-06,1091,1036,encaissée,2025-09-17
PRM00109,POL0011,CLT003,2025-10-06,2025-11-06,1091,1036,encaissée,2025-10-09
PRM00110,POL0011,CLT003,2025-11-06,2025-12-06,1091,1036,encaissée,2025-11-08
PRM00111,POL0011,CLT003,2025-12-06,2026-01-06,1091,1036,encaissée,2025-12-08
PRM00112,POL0011,CLT003,2026-01-06,2026-02-06,1091,1036,encaissée,2026-01-17
PRM00113,POL0011,CLT003,2026-02-06,2026-03-06,1091,1036,encaissée,2026-02-07
PRM00114,POL0011,CLT003,2026-03-06,2026-04-06,1091,1036,encaissée,2026-03-14
PRM00115,POL0011,CLT003,2026-04-06,2026-05-06,1091,1036,encaissée,2026-04-20
PRM00116,POL0012,CLT004,2025-09-05,2025-10-05,1235,1173,encaissée,2025-09-17
PRM00117,POL0012,CLT004,2025-10-05,2025-11-05,1235,1173,encaissée,2025-10-13
PRM00118,POL0012,CLT004,2025-11-05,2025-12-05,1235,1173,encaissée,2025-11-08
PRM00119,POL0012,CLT004,2025-12-05,2026-01-05,1235,1173,encaissée,2025-12-09
PRM00120,POL0012,CLT004,2026-01-05,2026-02-05,1235,1173,encaissée,2026-01-15
PRM00121,POL0012,CLT004,2026-02-05,2026-03-05,1235,1173,encaissée,2026-02-18
PRM00122,POL0012,CLT004,2026-03-05,2026-04-05,1235,1173,encaissée,2026-03-06
PRM00123,POL0012,CLT004,2026-04-05,2026-05-05,1235,1173,encaissée,2026-04-16
PRM00124,POL0013,CLT004,2025-06-20,2025-07-20,189,180,encaissée,2025-07-01
PRM00125,POL0013,CLT004,2025-07-20,2025-08-20,189,180,encaissée,2025-07-28
PRM00126,POL0013,CLT004,2025-08-20,2025-09-20,189,180,encaissée,2025-08-31
PRM00127,POL0013,CLT004,2025-09-20,2025-10-20,189,180,encaissée,2025-10-04
PRM00128,POL0013,CLT004,2025-10-20,2025-11-20,189,180,encaissée,2025-11-04
PRM00129,POL0013,CLT004,2025-11-20,2025-12-20,189,180,encaissée,2025-11-22
PRM00130,POL0013,CLT004,2025-12-20,2026-01-20,189,180,encaissée,2026-01-04
PRM00131,POL0013,CLT004,2026-01-20,2026-02-20,189,180,encaissée,2026-02-01
PRM00132,POL0013,CLT004,2026-02-20,2026-03-20,189,180,encaissée,2026-03-02
PRM00133,POL0013,CLT004,2026-03-20,2026-04-20,189,180,encaissée,2026-03-24
PRM00134,POL0013,CLT004,2026-04-20,2026-05-20,189,180,encaissée,2026-05-02
PRM00135,POL0014,CLT005,2025-02-16,2025-03-16,1677,1593,encaissée,2025-02-17
PRM00136,POL0014,CLT005,2025-03-16,2025-04-16,1677,1593,encaissée,2025-03-30
PRM00137,POL0014,CLT005,2025-04-16,2025-05-16,1677,1593,encaissée,2025-05-01
PRM00138,POL0014,CLT005,2025-05-16,2025-06-16,1677,1593,encaissée,2025-05-24
PRM00139,POL0014,CLT005,2025-06-16,2025-07-16,1677,1593,encaissée,2025-06-19
PRM00140,POL0014,CLT005,2025-07-16,2025-08-16,1677,1593,encaissée,2025-07-17
PRM00141,POL0014,CLT005,2025-08-16,2025-09-16,1677,1593,encaissée,2025-08-28
PRM00142,POL0014,CLT005,2025-09-16,2025-10-16,1677,1593,encaissée,2025-09-30
PRM00143,POL0014,CLT005,2025-10-16,2025-11-16,1677,1593,encaissée,2025-10-19
PRM00144,POL0014,CLT005,2025-11-16,2025-12-16,1677,1593,encaissée,2025-11-29
PRM00145,POL0014,CLT005,2025-12-16,2026-01-16,1677,1593,encaissée,2025-12-29
PRM00146,POL0014,CLT005,2026-01-16,2026-02-16,1677,1593,encaissée,2026-01-24
PRM00147,POL0014,CLT005,2026-02-16,2026-03-16,1677,1593,encaissée,2026-02-20
PRM00148,POL0014,CLT005,2026-03-16,2026-04-16,1677,1593,encaissée,2026-03-27
PRM00149,POL0014,CLT005,2026-04-16,2026-05-16,1677,1593,encaissée,2026-04-17
PRM00150,POL0015,CLT005,2024-10-20,2024-11-20,1455,1382,encaissée,2024-10-31
PRM00151,POL0015,CLT005,2024-11-20,2024-12-20,1455,1382,encaissée,2024-12-02
PRM00152,POL0015,CLT005,2024-12-20,2025-01-20,1455,1382,encaissée,2024-12-22
PRM00153,POL0015,CLT005,2025-01-20,2025-02-20,1455,1382,encaissée,2025-01-22
PRM00154,POL0015,CLT005,2025-02-20,2025-03-20,1455,1382,encaissée,2025-02-24
PRM00155,POL0015,CLT005,2025-03-20,2025-04-20,1455,1382,encaissée,2025-03-21
PRM00156,POL0015,CLT005,2025-04-20,2025-05-20,1455,1382,encaissée,2025-04-22
PRM00157,POL0015,CLT005,2025-05-20,2025-06-20,1455,1382,encaissée,2025-06-02
PRM00158,POL0015,CLT005,2025-06-20,2025-07-20,1455,1382,encaissée,2025-06-21
PRM00159,POL0015,CLT005,2025-07-20,2025-08-20,1455,1382,encaissée,2025-07-30
PRM00160,POL0015,CLT005,2025-08-20,2025-09-20,1455,1382,encaissée,2025-09-04
PRM00161,POL0015,CLT005,2025-09-20,2025-10-20,1455,1382,encaissée,2025-09-29
PRM00162,POL0015,CLT005,2025-10-20,2025-11-20,1455,1382,encaissée,2025-10-31
PRM00163,POL0015,CLT005,2025-11-20,2025-12-20,1455,1382,encaissée,2025-11-27
PRM00164,POL0015,CLT005,2025-12-20,2026-01-20,1455,1382,encaissée,2025-12-21
PRM00165,POL0015,CLT005,2026-01-20,2026-02-20,1455,1382,encaissée,2026-01-31
PRM00166,POL0015,CLT005,2026-02-20,2026-03-20,1455,1382,encaissée,2026-03-05
PRM00167,POL0015,CLT005,2026-03-20,2026-04-20,1455,1382,encaissée,2026-03-21
PRM00168,POL0015,CLT005,2026-04-20,2026-05-20,1455,1382,encaissée,2026-04-23
PRM00169,POL0016,CLT005,2025-04-16,2025-05-16,708,673,encaissée,2025-04-19
PRM00170,POL0016,CLT005,2025-05-16,2025-06-16,708,673,encaissée,2025-05-18
PRM00171,POL0016,CLT005,2025-06-16,2025-07-16,708,673,encaissée,2025-06-20
PRM00172,POL0016,CLT005,2025-07-16,2025-08-16,708,673,encaissée,2025-07-21
PRM00173,POL0016,CLT005,2025-08-16,2025-09-16,708,673,encaissée,2025-08-31
PRM00174,POL0016,CLT005,2025-09-16,2025-10-16,708,673,encaissée,2025-09-29
PRM00175,POL0016,CLT005,2025-10-16,2025-11-16,708,673,encaissée,2025-10-27
PRM00176,POL0016,CLT005,2025-11-16,2025-12-16,708,673,encaissée,2025-11-20
PRM00177,POL0016,CLT005,2025-12-16,2026-01-16,708,673,encaissée,2025-12-25
PRM00178,POL0016,CLT005,2026-01-16,2026-02-16,708,673,encaissée,2026-01-27
PRM00179,POL0016,CLT005,2026-02-16,2026-03-16,708,673,encaissée,2026-02-19
PRM00180,POL0016,CLT005,2026-03-16,2026-04-16,708,673,encaissée,2026-03-19
PRM00181,POL0016,CLT005,2026-04-16,2026-05-16,708,673,encaissée,2026-04-20
PRM00182,POL0017,CLT005,2026-03-02,2026-04-02,1694,1609,encaissée,2026-03-13
PRM00183,POL0017,CLT005,2026-04-02,2026-05-02,1694,1609,encaissée,2026-04-15
PRM00184,POL0017,CLT005,2026-05-02,2026-06-02,1694,1609,encaissée,2026-05-09
PRM00185,POL0018,CLT005,2025-05-18,2025-06-18,837,795,encaissée,2025-05-28
PRM00186,POL0018,CLT005,2025-06-18,2025-07-18,837,795,encaissée,2025-06-29
PRM00187,POL0018,CLT005,2025-07-18,2025-08-18,837,795,encaissée,2025-07-21
PRM00188,POL0018,CLT005,2025-08-18,2025-09-18,837,795,encaissée,2025-08-31
PRM00189,POL0018,CLT005,2025-09-18,2025-10-18,837,795,encaissée,2025-09-25
PRM00190,POL0018,CLT005,2025-10-18,2025-11-18,837,795,encaissée,2025-10-22
PRM00191,POL0018,CLT005,2025-11-18,2025-12-18,837,795,encaissée,2025-11-26
PRM00192,POL0018,CLT005,2025-12-18,2026-01-18,837,795,encaissée,2025-12-29
PRM00193,POL0018,CLT005,2026-01-18,2026-02-18,837,795,encaissée,2026-01-28
PRM00194,POL0018,CLT005,2026-02-18,2026-03-18,837,795,encaissée,2026-03-05
PRM00195,POL0018,CLT005,2026-03-18,2026-04-18,837,795,encaissée,2026-03-31
PRM00196,POL0018,CLT005,2026-04-18,2026-05-18,837,795,encaissée,2026-04-21
PRM00197,POL0019,CLT006,2025-01-03,2025-02-03,1315,1249,encaissée,2025-01-04
PRM00198,POL0019,CLT006,2025-02-03,2025-03-03,1315,1249,encaissée,2025-02-08
PRM00199,POL0019,CLT006,2025-03-03,2025-04-03,1315,1249,encaissée,2025-03-06
PRM00200,POL0019,CLT006,2025-04-03,2025-05-03,1315,1249,encaissée,2025-04-14
PRM00201,POL0019,CLT006,2025-05-03,2025-06-03,1315,1249,encaissée,2025-05-16
PRM00202,POL0019,CLT006,2025-06-03,2025-07-03,1315,1249,encaissée,2025-06-11
PRM00203,POL0019,CLT006,2025-07-03,2025-08-03,1315,1249,encaissée,2025-07-10
PRM00204,POL0019,CLT006,2025-08-03,2025-09-03,1315,1249,encaissée,2025-08-18
PRM00205,POL0019,CLT006,2025-09-03,2025-10-03,1315,1249,encaissée,2025-09-10
PRM00206,POL0019,CLT006,2025-10-03,2025-11-03,1315,1249,encaissée,2025-10-12
PRM00207,POL0019,CLT006,2025-11-03,2025-12-03,1315,1249,encaissée,2025-11-06
PRM00208,POL0019,CLT006,2025-12-03,2026-01-03,1315,1249,encaissée,2025-12-13
PRM00209,POL0019,CLT006,2026-01-03,2026-02-03,1315,1249,encaissée,2026-01-06
PRM00210,POL0019,CLT006,2026-02-03,2026-03-03,1315,1249,encaissée,2026-02-14
PRM00211,POL0019,CLT006,2026-03-03,2026-04-03,1315,1249,encaissée,2026-03-06
PRM00212,POL0019,CLT006,2026-04-03,2026-05-03,1315,1249,encaissée,2026-04-16
PRM00213,POL0020,CLT006,2024-07-31,2024-08-31,1809,1719,encaissée,2024-08-13
PRM00214,POL0020,CLT006,2024-08-31,2024-10-01,1809,1719,encaissée,2024-09-02
PRM00215,POL0020,CLT006,2024-10-01,2024-11-01,1809,1719,encaissée,2024-10-12
PRM00216,POL0020,CLT006,2024-10-31,2024-12-01,1809,1719,encaissée,2024-11-07
PRM00217,POL0020,CLT006,2024-12-01,2025-01-01,1809,1719,encaissée,2024-12-12
PRM00218,POL0020,CLT006,2024-12-31,2025-01-31,1809,1719,encaissée,2025-01-14
PRM00219,POL0020,CLT006,2025-01-31,2025-03-03,1809,1719,encaissée,2025-02-01
PRM00220,POL0020,CLT006,2025-03-03,2025-04-03,1809,1719,encaissée,2025-03-14
PRM00221,POL0020,CLT006,2025-03-31,2025-05-01,1809,1719,encaissée,2025-04-07
PRM00222,POL0020,CLT006,2025-05-01,2025-06-01,1809,1719,encaissée,2025-05-08
PRM00223,POL0020,CLT006,2025-05-31,2025-07-01,1809,1719,encaissée,2025-06-04
PRM00224,POL0020,CLT006,2025-07-01,2025-08-01,1809,1719,encaissée,2025-07-09
PRM00225,POL0020,CLT006,2025-07-31,2025-08-31,1809,1719,encaissée,2025-08-11
PRM00226,POL0020,CLT006,2025-08-31,2025-10-01,1809,1719,encaissée,2025-09-01
PRM00227,POL0020,CLT006,2025-10-01,2025-11-01,1809,1719,encaissée,2025-10-15
PRM00228,POL0020,CLT006,2025-10-31,2025-12-01,1809,1719,encaissée,2025-11-14
PRM00229,POL0020,CLT006,2025-12-01,2026-01-01,1809,1719,encaissée,2025-12-09
PRM00230,POL0020,CLT006,2025-12-31,2026-01-31,1809,1719,encaissée,2026-01-14
PRM00231,POL0020,CLT006,2026-01-31,2026-03-03,1809,1719,encaissée,2026-02-02
PRM00232,POL0020,CLT006,2026-03-03,2026-04-03,1809,1719,encaissée,2026-03-16
PRM00233,POL0020,CLT006,2026-03-31,2026-05-01,1809,1719,encaissée,2026-04-07
PRM00234,POL0020,CLT006,2026-05-01,2026-06-01,1809,1719,encaissée,2026-05-15
PRM00235,POL0021,CLT006,2024-06-28,2024-07-28,1067,1014,encaissée,2024-07-02
PRM00236,POL0021,CLT006,2024-07-28,2024-08-28,1067,1014,encaissée,2024-08-05
PRM00237,POL0021,CLT006,2024-08-28,2024-09-28,1067,1014,encaissée,2024-09-07
PRM00238,POL0021,CLT006,2024-09-28,2024-10-28,1067,1014,encaissée,2024-09-30
PRM00239,POL0021,CLT006,2024-10-28,2024-11-28,1067,1014,encaissée,2024-11-09
PRM00240,POL0021,CLT006,2024-11-28,2024-12-28,1067,1014,encaissée,2024-11-30
PRM00241,POL0021,CLT006,2024-12-28,2025-01-28,1067,1014,encaissée,2025-01-03
PRM00242,POL0021,CLT006,2025-01-28,2025-02-28,1067,1014,encaissée,2025-02-05
PRM00243,POL0021,CLT006,2025-02-28,2025-03-28,1067,1014,encaissée,2025-03-13
PRM00244,POL0021,CLT006,2025-03-28,2025-04-28,1067,1014,encaissée,2025-04-11
PRM00245,POL0021,CLT006,2025-04-28,2025-05-28,1067,1014,encaissée,2025-04-29
PRM00246,POL0021,CLT006,2025-05-28,2025-06-28,1067,1014,encaissée,2025-06-01
PRM00247,POL0021,CLT006,2025-06-28,2025-07-28,1067,1014,encaissée,2025-07-10
PRM00248,POL0021,CLT006,2025-07-28,2025-08-28,1067,1014,encaissée,2025-08-04
PRM00249,POL0021,CLT006,2025-08-28,2025-09-28,1067,1014,encaissée,2025-08-31
PRM00250,POL0021,CLT006,2025-09-28,2025-10-28,1067,1014,encaissée,2025-10-11
PRM00251,POL0021,CLT006,2025-10-28,2025-11-28,1067,1014,encaissée,2025-10-29
PRM00252,POL0021,CLT006,2025-11-28,2025-12-28,1067,1014,encaissée,2025-12-11
PRM00253,POL0021,CLT006,2025-12-28,2026-01-28,1067,1014,encaissée,2025-12-30
PRM00254,POL0021,CLT006,2026-01-28,2026-02-28,1067,1014,encaissée,2026-02-09
PRM00255,POL0021,CLT006,2026-02-28,2026-03-28,1067,1014,encaissée,2026-03-06
PRM00256,POL0021,CLT006,2026-03-28,2026-04-28,1067,1014,encaissée,2026-04-08
PRM00257,POL0021,CLT006,2026-04-28,2026-05-28,1067,1014,encaissée,2026-05-08
PRM00258,POL0022,CLT006,2024-10-16,2024-11-16,95,90,encaissée,2024-10-25
PRM00259,POL0022,CLT006,2024-11-16,2024-12-16,95,90,encaissée,2024-11-24
PRM00260,POL0022,CLT006,2024-12-16,2025-01-16,95,90,encaissée,2024-12-20
PRM00261,POL0022,CLT006,2025-01-16,2025-02-16,95,90,encaissée,2025-01-26
PRM00262,POL0022,CLT006,2025-02-16,2025-03-16,95,90,encaissée,2025-02-19
PRM00263,POL0022,CLT006,2025-03-16,2025-04-16,95,90,encaissée,2025-03-26
PRM00264,POL0022,CLT006,2025-04-16,2025-05-16,95,90,encaissée,2025-04-24
PRM00265,POL0022,CLT006,2025-05-16,2025-06-16,95,90,encaissée,2025-05-23
PRM00266,POL0022,CLT006,2025-06-16,2025-07-16,95,90,encaissée,2025-06-30
PRM00267,POL0022,CLT006,2025-07-16,2025-08-16,95,90,encaissée,2025-07-22
PRM00268,POL0022,CLT006,2025-08-16,2025-09-16,95,90,encaissée,2025-08-19
PRM00269,POL0022,CLT006,2025-09-16,2025-10-16,95,90,encaissée,2025-09-27
PRM00270,POL0022,CLT006,2025-10-16,2025-11-16,95,90,encaissée,2025-10-17
PRM00271,POL0022,CLT006,2025-11-16,2025-12-16,95,90,encaissée,2025-11-23
PRM00272,POL0022,CLT006,2025-12-16,2026-01-16,95,90,encaissée,2025-12-17
PRM00273,POL0022,CLT006,2026-01-16,2026-02-16,95,90,encaissée,2026-01-27
PRM00274,POL0022,CLT006,2026-02-16,2026-03-16,95,90,encaissée,2026-02-28
PRM00275,POL0022,CLT006,2026-03-16,2026-04-16,95,90,encaissée,2026-03-27
PRM00276,POL0022,CLT006,2026-04-16,2026-05-16,95,90,encaissée,2026-04-18
PRM00277,POL0023,CLT006,2026-03-04,2026-04-04,1505,1430,encaissée,2026-03-09
PRM00278,POL0023,CLT006,2026-04-04,2026-05-04,1505,1430,encaissée,2026-04-11
PRM00279,POL0024,CLT007,2024-06-18,2024-07-18,1553,1475,encaissée,2024-06-23
PRM00280,POL0024,CLT007,2024-07-18,2024-08-18,1553,1475,encaissée,2024-07-20
PRM00281,POL0024,CLT007,2024-08-18,2024-09-18,1553,1475,encaissée,2024-09-01
PRM00282,POL0024,CLT007,2024-09-18,2024-10-18,1553,1475,encaissée,2024-09-29
PRM00283,POL0024,CLT007,2024-10-18,2024-11-18,1553,1475,encaissée,2024-11-02
PRM00284,POL0024,CLT007,2024-11-18,2024-12-18,1553,1475,encaissée,2024-11-30
PRM00285,POL0024,CLT007,2024-12-18,2025-01-18,1553,1475,encaissée,2024-12-22
PRM00286,POL0024,CLT007,2025-01-18,2025-02-18,1553,1475,encaissée,2025-01-27
PRM00287,POL0024,CLT007,2025-02-18,2025-03-18,1553,1475,encaissée,2025-02-27
PRM00288,POL0024,CLT007,2025-03-18,2025-04-18,1553,1475,encaissée,2025-04-02
PRM00289,POL0024,CLT007,2025-04-18,2025-05-18,1553,1475,encaissée,2025-04-29
PRM00290,POL0024,CLT007,2025-05-18,2025-06-18,1553,1475,encaissée,2025-05-25
PRM00291,POL0024,CLT007,2025-06-18,2025-07-18,1553,1475,encaissée,2025-06-23
PRM00292,POL0024,CLT007,2025-07-18,2025-08-18,1553,1475,encaissée,2025-07-27
PRM00293,POL0024,CLT007,2025-08-18,2025-09-18,1553,1475,encaissée,2025-08-23
PRM00294,POL0024,CLT007,2025-09-18,2025-10-18,1553,1475,encaissée,2025-10-02
PRM00295,POL0024,CLT007,2025-10-18,2025-11-18,1553,1475,encaissée,2025-10-26
PRM00296,POL0024,CLT007,2025-11-18,2025-12-18,1553,1475,encaissée,2025-12-01
PRM00297,POL0024,CLT007,2025-12-18,2026-01-18,1553,1475,encaissée,2025-12-23
PRM00298,POL0024,CLT007,2026-01-18,2026-02-18,1553,1475,encaissée,2026-01-23
PRM00299,POL0024,CLT007,2026-02-18,2026-03-18,1553,1475,encaissée,2026-03-05
PRM00300,POL0024,CLT007,2026-03-18,2026-04-18,1553,1475,encaissée,2026-03-22
PRM00301,POL0024,CLT007,2026-04-18,2026-05-18,1553,1475,encaissée,2026-04-26
PRM00302,POL0025,CLT007,2025-09-24,2025-10-24,1933,1836,encaissée,2025-09-28
PRM00303,POL0025,CLT007,2025-10-24,2025-11-24,1933,1836,encaissée,2025-11-03
PRM00304,POL0025,CLT007,2025-11-24,2025-12-24,1933,1836,encaissée,2025-12-08
PRM00305,POL0025,CLT007,2025-12-24,2026-01-24,1933,1836,encaissée,2026-01-03
PRM00306,POL0025,CLT007,2026-01-24,2026-02-24,1933,1836,encaissée,2026-02-07
PRM00307,POL0025,CLT007,2026-02-24,2026-03-24,1933,1836,encaissée,2026-02-26
PRM00308,POL0025,CLT007,2026-03-24,2026-04-24,1933,1836,encaissée,2026-04-08
PRM00309,POL0025,CLT007,2026-04-24,2026-05-24,1933,1836,encaissée,2026-05-03
PRM00310,POL0026,CLT007,2026-02-27,2026-03-27,1400,1330,encaissée,2026-03-14
PRM00311,POL0026,CLT007,2026-03-27,2026-04-27,1400,1330,encaissée,2026-04-07
PRM00312,POL0026,CLT007,2026-04-27,2026-05-27,1400,1330,encaissée,2026-05-12
PRM00313,POL0027,CLT007,2024-12-03,2025-01-03,1265,1202,encaissée,2024-12-15
PRM00314,POL0027,CLT007,2025-01-03,2025-02-03,1265,1202,encaissée,2025-01-16
PRM00315,POL0027,CLT007,2025-02-03,2025-03-03,1265,1202,encaissée,2025-02-10
PRM00316,POL0027,CLT007,2025-03-03,2025-04-03,1265,1202,encaissée,2025-03-11
PRM00317,POL0027,CLT007,2025-04-03,2025-05-03,1265,1202,encaissée,2025-04-11
PRM00318,POL0027,CLT007,2025-05-03,2025-06-03,1265,1202,encaissée,2025-05-14
PRM00319,POL0027,CLT007,2025-06-03,2025-07-03,1265,1202,encaissée,2025-06-16
PRM00320,POL0027,CLT007,2025-07-03,2025-08-03,1265,1202,encaissée,2025-07-10
PRM00321,POL0027,CLT007,2025-08-03,2025-09-03,1265,1202,encaissée,2025-08-12
PRM00322,POL0027,CLT007,2025-09-03,2025-10-03,1265,1202,encaissée,2025-09-08
PRM00323,POL0027,CLT007,2025-10-03,2025-11-03,1265,1202,encaissée,2025-10-08
PRM00324,POL0027,CLT007,2025-11-03,2025-12-03,1265,1202,encaissée,2025-11-14
PRM00325,POL0027,CLT007,2025-12-03,2026-01-03,1265,1202,encaissée,2025-12-12
PRM00326,POL0027,CLT007,2026-01-03,2026-02-03,1265,1202,encaissée,2026-01-10
PRM00327,POL0027,CLT007,2026-02-03,2026-03-03,1265,1202,encaissée,2026-02-10
PRM00328,POL0027,CLT007,2026-03-03,2026-04-03,1265,1202,encaissée,2026-03-06
PRM00329,POL0027,CLT007,2026-04-03,2026-05-03,1265,1202,encaissée,2026-04-18
PRM00330,POL0028,CLT007,2024-05-21,2024-06-21,1136,1079,encaissée,2024-05-28
PRM00331,POL0028,CLT007,2024-06-21,2024-07-21,1136,1079,encaissée,2024-07-02
PRM00332,POL0028,CLT007,2024-07-21,2024-08-21,1136,1079,encaissée,2024-07-26
PRM00333,POL0028,CLT007,2024-08-21,2024-09-21,1136,1079,encaissée,2024-08-27
PRM00334,POL0028,CLT007,2024-09-21,2024-10-21,1136,1079,encaissée,2024-09-25
PRM00335,POL0028,CLT007,2024-10-21,2024-11-21,1136,1079,encaissée,2024-10-22
PRM00336,POL0028,CLT007,2024-11-21,2024-12-21,1136,1079,encaissée,2024-11-22
PRM00337,POL0028,CLT007,2024-12-21,2025-01-21,1136,1079,encaissée,2024-12-27
PRM00338,POL0028,CLT007,2025-01-21,2025-02-21,1136,1079,encaissée,2025-01-30
PRM00339,POL0028,CLT007,2025-02-21,2025-03-21,1136,1079,encaissée,2025-03-06
PRM00340,POL0028,CLT007,2025-03-21,2025-04-21,1136,1079,encaissée,2025-03-24
PRM00341,POL0028,CLT007,2025-04-21,2025-05-21,1136,1079,encaissée,2025-04-30
PRM00342,POL0028,CLT007,2025-05-21,2025-06-21,1136,1079,encaissée,2025-05-31
PRM00343,POL0028,CLT007,2025-06-21,2025-07-21,1136,1079,encaissée,2025-06-27
PRM00344,POL0028,CLT007,2025-07-21,2025-08-21,1136,1079,encaissée,2025-07-31
PRM00345,POL0028,CLT007,2025-08-21,2025-09-21,1136,1079,encaissée,2025-08-30
PRM00346,POL0028,CLT007,2025-09-21,2025-10-21,1136,1079,encaissée,2025-09-27
PRM00347,POL0028,CLT007,2025-10-21,2025-11-21,1136,1079,encaissée,2025-10-23
PRM00348,POL0028,CLT007,2025-11-21,2025-12-21,1136,1079,encaissée,2025-11-27
PRM00349,POL0028,CLT007,2025-12-21,2026-01-21,1136,1079,encaissée,2025-12-28
PRM00350,POL0028,CLT007,2026-01-21,2026-02-21,1136,1079,encaissée,2026-02-05
PRM00351,POL0028,CLT007,2026-02-21,2026-03-21,1136,1079,encaissée,2026-03-03
PRM00352,POL0028,CLT007,2026-03-21,2026-04-21,1136,1079,encaissée,2026-04-01
PRM00353,POL0028,CLT007,2026-04-21,2026-05-21,1136,1079,annulée,
PRM00354,POL0029,CLT007,2024-11-24,2024-12-24,1995,1895,encaissée,2024-12-05
PRM00355,POL0029,CLT007,2024-12-24,2025-01-24,1995,1895,encaissée,2024-12-25
PRM00356,POL0029,CLT007,2025-01-24,2025-02-24,1995,1895,encaissée,2025-01-30
PRM00357,POL0029,CLT007,2025-02-24,2025-03-24,1995,1895,encaissée,2025-03-03
PRM00358,POL0029,CLT007,2025-03-24,2025-04-24,1995,1895,encaissée,2025-04-03
PRM00359,POL0029,CLT007,2025-04-24,2025-05-24,1995,1895,encaissée,2025-05-04
PRM00360,POL0029,CLT007,2025-05-24,2025-06-24,1995,1895,encaissée,2025-05-28
PRM00361,POL0029,CLT007,2025-06-24,2025-07-24,1995,1895,encaissée,2025-06-29
PRM00362,POL0029,CLT007,2025-07-24,2025-08-24,1995,1895,encaissée,2025-07-29
PRM00363,POL0029,CLT007,2025-08-24,2025-09-24,1995,1895,encaissée,2025-09-01
PRM00364,POL0029,CLT007,2025-09-24,2025-10-24,1995,1895,encaissée,2025-09-29
PRM00365,POL0029,CLT007,2025-10-24,2025-11-24,1995,1895,encaissée,2025-10-26
PRM00366,POL0029,CLT007,2025-11-24,2025-12-24,1995,1895,encaissée,2025-12-08
PRM00367,POL0029,CLT007,2025-12-24,2026-01-24,1995,1895,encaissée,2026-01-08
PRM00368,POL0029,CLT007,2026-01-24,2026-02-24,1995,1895,encaissée,2026-01-25
PRM00369,POL0029,CLT007,2026-02-24,2026-03-24,1995,1895,encaissée,2026-03-11
PRM00370,POL0029,CLT007,2026-03-24,2026-04-24,1995,1895,encaissée,2026-04-04
PRM00371,POL0029,CLT007,2026-04-24,2026-05-24,1995,1895,encaissée,2026-05-02
PRM00372,POL0030,CLT008,2024-06-21,2024-07-21,435,413,encaissée,2024-06-25
PRM00373,POL0030,CLT008,2024-07-21,2024-08-21,435,413,encaissée,2024-08-04
PRM00374,POL0030,CLT008,2024-08-21,2024-09-21,435,413,encaissée,2024-08-26
PRM00375,POL0030,CLT008,2024-09-21,2024-10-21,435,413,encaissée,2024-10-01
PRM00376,POL0030,CLT008,2024-10-21,2024-11-21,435,413,encaissée,2024-10-28
PRM00377,POL0030,CLT008,2024-11-21,2024-12-21,435,413,encaissée,2024-11-29
PRM00378,POL0030,CLT008,2024-12-21,2025-01-21,435,413,encaissée,2024-12-26
PRM00379,POL0030,CLT008,2025-01-21,2025-02-21,435,413,encaissée,2025-01-24
PRM00380,POL0030,CLT008,2025-02-21,2025-03-21,435,413,encaissée,2025-02-25
PRM00381,POL0030,CLT008,2025-03-21,2025-04-21,435,413,encaissée,2025-04-01
PRM00382,POL0030,CLT008,2025-04-21,2025-05-21,435,413,encaissée,2025-04-30
PRM00383,POL0030,CLT008,2025-05-21,2025-06-21,435,413,encaissée,2025-05-30
PRM00384,POL0030,CLT008,2025-06-21,2025-07-21,435,413,encaissée,2025-07-02
PRM00385,POL0030,CLT008,2025-07-21,2025-08-21,435,413,encaissée,2025-07-27
PRM00386,POL0030,CLT008,2025-08-21,2025-09-21,435,413,encaissée,2025-09-05
PRM00387,POL0030,CLT008,2025-09-21,2025-10-21,435,413,encaissée,2025-10-03
PRM00388,POL0030,CLT008,2025-10-21,2025-11-21,435,413,encaissée,2025-10-28
PRM00389,POL0030,CLT008,2025-11-21,2025-12-21,435,413,encaissée,2025-11-26
PRM00390,POL0030,CLT008,2025-12-21,2026-01-21,435,413,encaissée,2026-01-03
PRM00391,POL0030,CLT008,2026-01-21,2026-02-21,435,413,encaissée,2026-01-22
PRM00392,POL0030,CLT008,2026-02-21,2026-03-21,435,413,encaissée,2026-03-03
PRM00393,POL0030,CLT008,2026-03-21,2026-04-21,435,413,encaissée,2026-03-23
PRM00394,POL0030,CLT008,2026-04-21,2026-05-21,435,413,encaissée,2026-04-29
PRM00395,POL0031,CLT008,2025-12-21,2026-01-21,455,432,encaissée,2025-12-31
PRM00396,POL0031,CLT008,2026-01-21,2026-02-21,455,432,encaissée,2026-02-04
PRM00397,POL0031,CLT008,2026-02-21,2026-03-21,455,432,encaissée,2026-02-28
PRM00398,POL0031,CLT008,2026-03-21,2026-04-21,455,432,encaissée,2026-04-02
PRM00399,POL0031,CLT008,2026-04-21,2026-05-21,455,432,encaissée,2026-05-02
PRM00400,POL0032,CLT009,2026-03-18,2026-04-18,266,253,encaissée,2026-03-27
PRM00401,POL0032,CLT009,2026-04-18,2026-05-18,266,253,encaissée,2026-05-01
PRM00402,POL0033,CLT009,2024-08-09,2024-09-09,1095,1040,encaissée,2024-08-12
PRM00403,POL0033,CLT009,2024-09-09,2024-10-09,1095,1040,encaissée,2024-09-10
PRM00404,POL0033,CLT009,2024-10-09,2024-11-09,1095,1040,encaissée,2024-10-22
PRM00405,POL0033,CLT009,2024-11-09,2024-12-09,1095,1040,encaissée,2024-11-12
PRM00406,POL0033,CLT009,2024-12-09,2025-01-09,1095,1040,encaissée,2024-12-18
PRM00407,POL0033,CLT009,2025-01-09,2025-02-09,1095,1040,encaissée,2025-01-12
PRM00408,POL0033,CLT009,2025-02-09,2025-03-09,1095,1040,encaissée,2025-02-20
PRM00409,POL0033,CLT009,2025-03-09,2025-04-09,1095,1040,encaissée,2025-03-14
PRM00410,POL0033,CLT009,2025-04-09,2025-05-09,1095,1040,encaissée,2025-04-10
PRM00411,POL0033,CLT009,2025-05-09,2025-06-09,1095,1040,encaissée,2025-05-14
PRM00412,POL0033,CLT009,2025-06-09,2025-07-09,1095,1040,encaissée,2025-06-11
PRM00413,POL0033,CLT009,2025-07-09,2025-08-09,1095,1040,encaissée,2025-07-20
PRM00414,POL0033,CLT009,2025-08-09,2025-09-09,1095,1040,encaissée,2025-08-21
PRM00415,POL0033,CLT009,2025-09-09,2025-10-09,1095,1040,encaissée,2025-09-21
PRM00416,POL0033,CLT009,2025-10-09,2025-11-09,1095,1040,encaissée,2025-10-15
PRM00417,POL0033,CLT009,2025-11-09,2025-12-09,1095,1040,encaissée,2025-11-20
PRM00418,POL0033,CLT009,2025-12-09,2026-01-09,1095,1040,encaissée,2025-12-18
PRM00419,POL0033,CLT009,2026-01-09,2026-02-09,1095,1040,encaissée,2026-01-11
PRM00420,POL0033,CLT009,2026-02-09,2026-03-09,1095,1040,encaissée,2026-02-16
PRM00421,POL0033,CLT009,2026-03-09,2026-04-09,1095,1040,encaissée,2026-03-23
PRM00422,POL0033,CLT009,2026-04-09,2026-05-09,1095,1040,encaissée,2026-04-11
PRM00423,POL0034,CLT009,2026-01-24,2026-02-24,802,762,encaissée,2026-01-27
PRM00424,POL0034,CLT009,2026-02-24,2026-03-24,802,762,encaissée,2026-02-28
PRM00425,POL0034,CLT009,2026-03-24,2026-04-24,802,762,encaissée,2026-04-02
PRM00426,POL0034,CLT009,2026-04-24,2026-05-24,802,762,encaissée,2026-04-29
PRM00427,POL0035,CLT010,2024-08-26,2024-09-26,1120,1064,encaissée,2024-08-29
PRM00428,POL0035,CLT010,2024-09-26,2024-10-26,1120,1064,encaissée,2024-10-08
PRM00429,POL0035,CLT010,2024-10-26,2024-11-26,1120,1064,encaissée,2024-11-01
PRM00430,POL0035,CLT010,2024-11-26,2024-12-26,1120,1064,encaissée,2024-11-29
PRM00431,POL0035,CLT010,2024-12-26,2025-01-26,1120,1064,encaissée,2025-01-02
PRM00432,POL0035,CLT010,2025-01-26,2025-02-26,1120,1064,encaissée,2025-02-04
PRM00433,POL0035,CLT010,2025-02-26,2025-03-26,1120,1064,encaissée,2025-03-07
PRM00434,POL0035,CLT010,2025-03-26,2025-04-26,1120,1064,encaissée,2025-04-10
PRM00435,POL0035,CLT010,2025-04-26,2025-05-26,1120,1064,encaissée,2025-05-10
PRM00436,POL0035,CLT010,2025-05-26,2025-06-26,1120,1064,encaissée,2025-06-01
PRM00437,POL0035,CLT010,2025-06-26,2025-07-26,1120,1064,encaissée,2025-07-02
PRM00438,POL0035,CLT010,2025-07-26,2025-08-26,1120,1064,encaissée,2025-07-29
PRM00439,POL0035,CLT010,2025-08-26,2025-09-26,1120,1064,encaissée,2025-09-06
PRM00440,POL0035,CLT010,2025-09-26,2025-10-26,1120,1064,encaissée,2025-10-06
PRM00441,POL0035,CLT010,2025-10-26,2025-11-26,1120,1064,encaissée,2025-10-30
PRM00442,POL0035,CLT010,2025-11-26,2025-12-26,1120,1064,encaissée,2025-12-01
PRM00443,POL0035,CLT010,2025-12-26,2026-01-26,1120,1064,encaissée,2026-01-07
PRM00444,POL0035,CLT010,2026-01-26,2026-02-26,1120,1064,encaissée,2026-02-05
PRM00445,POL0035,CLT010,2026-02-26,2026-03-26,1120,1064,encaissée,2026-02-27
PRM00446,POL0035,CLT010,2026-03-26,2026-04-26,1120,1064,encaissée,2026-03-30
PRM00447,POL0035,CLT010,2026-04-26,2026-05-26,1120,1064,encaissée,2026-04-28
PRM00448,POL0036,CLT010,2025-10-31,2025-12-01,1446,1374,encaissée,2025-11-05
PRM00449,POL0036,CLT010,2025-12-01,2026-01-01,1446,1374,encaissée,2025-12-12
PRM00450,POL0036,CLT010,2025-12-31,2026-01-31,1446,1374,encaissée,2026-01-13
PRM00451,POL0036,CLT010,2026-01-31,2026-03-03,1446,1374,encaissée,2026-02-14
PRM00452,POL0036,CLT010,2026-03-03,2026-04-03,1446,1374,encaissée,2026-03-09
PRM00453,POL0036,CLT010,2026-03-31,2026-05-01,1446,1374,encaissée,2026-04-10
PRM00454,POL0036,CLT010,2026-05-01,2026-06-01,1446,1374,encaissée,2026-05-06
PRM00455,POL0037,CLT010,2024-08-13,2024-09-13,1543,1466,encaissée,2024-08-18
PRM00456,POL0037,CLT010,2024-09-13,2024-10-13,1543,1466,encaissée,2024-09-23
PRM00457,POL0037,CLT010,2024-10-13,2024-11-13,1543,1466,encaissée,2024-10-22
PRM00458,POL0037,CLT010,2024-11-13,2024-12-13,1543,1466,encaissée,2024-11-26
PRM00459,POL0037,CLT010,2024-12-13,2025-01-13,1543,1466,encaissée,2024-12-18
PRM00460,POL0037,CLT010,2025-01-13,2025-02-13,1543,1466,encaissée,2025-01-28
PRM00461,POL0037,CLT010,2025-02-13,2025-03-13,1543,1466,encaissée,2025-02-22
PRM00462,POL0037,CLT010,2025-03-13,2025-04-13,1543,1466,encaissée,2025-03-27
PRM00463,POL0037,CLT010,2025-04-13,2025-05-13,1543,1466,encaissée,2025-04-24
PRM00464,POL0037,CLT010,2025-05-13,2025-06-13,1543,1466,encaissée,2025-05-20
PRM00465,POL0037,CLT010,2025-06-13,2025-07-13,1543,1466,encaissée,2025-06-26
PRM00466,POL0037,CLT010,2025-07-13,2025-08-13,1543,1466,encaissée,2025-07-23
PRM00467,POL0037,CLT010,2025-08-13,2025-09-13,1543,1466,encaissée,2025-08-18
PRM00468,POL0037,CLT010,2025-09-13,2025-10-13,1543,1466,encaissée,2025-09-20
PRM00469,POL0037,CLT010,2025-10-13,2025-11-13,1543,1466,encaissée,2025-10-14
PRM00470,POL0037,CLT010,2025-11-13,2025-12-13,1543,1466,encaissée,2025-11-14
PRM00471,POL0037,CLT010,2025-12-13,2026-01-13,1543,1466,encaissée,2025-12-23
PRM00472,POL0037,CLT010,2026-01-13,2026-02-13,1543,1466,encaissée,2026-01-26
PRM00473,POL0037,CLT010,2026-02-13,2026-03-13,1543,1466,encaissée,2026-02-27
PRM00474,POL0037,CLT010,2026-03-13,2026-04-13,1543,1466,encaissée,2026-03-24
PRM00475,POL0037,CLT010,2026-04-13,2026-05-13,1543,1466,encaissée,2026-04-24
PRM00476,POL0038,CLT010,2025-06-29,2025-07-29,1891,1796,encaissée,2025-07-06
PRM00477,POL0038,CLT010,2025-07-29,2025-08-29,1891,1796,encaissée,2025-08-01
PRM00478,POL0038,CLT010,2025-08-29,2025-09-29,1891,1796,encaissée,2025-09-06
PRM00479,POL0038,CLT010,2025-09-29,2025-10-29,1891,1796,encaissée,2025-10-09
PRM00480,POL0038,CLT010,2025-10-29,2025-11-29,1891,1796,encaissée,2025-11-01
PRM00481,POL0038,CLT010,2025-11-29,2025-12-29,1891,1796,encaissée,2025-12-04
PRM00482,POL0038,CLT010,2025-12-29,2026-01-29,1891,1796,encaissée,2026-01-10
PRM00483,POL0038,CLT010,2026-01-29,2026-03-01,1891,1796,encaissée,2026-02-05
PRM00484,POL0038,CLT010,2026-03-01,2026-04-01,1891,1796,encaissée,2026-03-13
PRM00485,POL0038,CLT010,2026-03-29,2026-04-29,1891,1796,encaissée,2026-04-05
PRM00486,POL0038,CLT010,2026-04-29,2026-05-29,1891,1796,encaissée,2026-05-05
PRM00487,POL0039,CLT010,2024-12-31,2025-01-31,1568,1490,encaissée,2025-01-12
PRM00488,POL0039,CLT010,2025-01-31,2025-03-03,1568,1490,encaissée,2025-02-09
PRM00489,POL0039,CLT010,2025-03-03,2025-04-03,1568,1490,encaissée,2025-03-09
PRM00490,POL0039,CLT010,2025-03-31,2025-05-01,1568,1490,encaissée,2025-04-09
PRM00491,POL0039,CLT010,2025-05-01,2025-06-01,1568,1490,encaissée,2025-05-16
PRM00492,POL0039,CLT010,2025-05-31,2025-07-01,1568,1490,encaissée,2025-06-14
PRM00493,POL0039,CLT010,2025-07-01,2025-08-01,1568,1490,encaissée,2025-07-05
PRM00494,POL0039,CLT010,2025-07-31,2025-08-31,1568,1490,encaissée,2025-08-14
PRM00495,POL0039,CLT010,2025-08-31,2025-10-01,1568,1490,encaissée,2025-09-07
PRM00496,POL0039,CLT010,2025-10-01,2025-11-01,1568,1490,encaissée,2025-10-08
PRM00497,POL0039,CLT010,2025-10-31,2025-12-01,1568,1490,encaissée,2025-11-07
PRM00498,POL0039,CLT010,2025-12-01,2026-01-01,1568,1490,encaissée,2025-12-13
PRM00499,POL0039,CLT010,2025-12-31,2026-01-31,1568,1490,encaissée,2026-01-01
PRM00500,POL0039,CLT010,2026-01-31,2026-03-03,1568,1490,encaissée,2026-02-06
PRM00501,POL0039,CLT010,2026-03-03,2026-04-03,1568,1490,encaissée,2026-03-05
PRM00502,POL0039,CLT010,2026-03-31,2026-05-01,1568,1490,encaissée,2026-04-07
PRM00503,POL0039,CLT010,2026-05-01,2026-06-01,1568,1490,encaissée,2026-05-05
PRM00504,POL0040,CLT010,2024-11-15,2024-12-15,1120,1064,encaissée,2024-11-26
PRM00505,POL0040,CLT010,2024-12-15,2025-01-15,1120,1064,encaissée,2024-12-18
PRM00506,POL0040,CLT010,2025-01-15,2025-02-15,1120,1064,encaissée,2025-01-27
PRM00507,POL0040,CLT010,2025-02-15,2025-03-15,1120,1064,encaissée,2025-02-20
PRM00508,POL0040,CLT010,2025-03-15,2025-04-15,1120,1064,encaissée,2025-03-18
PRM00509,POL0040,CLT010,2025-04-15,2025-05-15,1120,1064,encaissée,2025-04-23
PRM00510,POL0040,CLT010,2025-05-15,2025-06-15,1120,1064,encaissée,2025-05-21
PRM00511,POL0040,CLT010,2025-06-15,2025-07-15,1120,1064,encaissée,2025-06-16
PRM00512,POL0040,CLT010,2025-07-15,2025-08-15,1120,1064,encaissée,2025-07-27
PRM00513,POL0040,CLT010,2025-08-15,2025-09-15,1120,1064,encaissée,2025-08-24
PRM00514,POL0040,CLT010,2025-09-15,2025-10-15,1120,1064,encaissée,2025-09-20
PRM00515,POL0040,CLT010,2025-10-15,2025-11-15,1120,1064,encaissée,2025-10-19
PRM00516,POL0040,CLT010,2025-11-15,2025-12-15,1120,1064,encaissée,2025-11-21
PRM00517,POL0040,CLT010,2025-12-15,2026-01-15,1120,1064,encaissée,2025-12-27
PRM00518,POL0040,CLT010,2026-01-15,2026-02-15,1120,1064,encaissée,2026-01-26
PRM00519,POL0040,CLT010,2026-02-15,2026-03-15,1120,1064,encaissée,2026-02-21
PRM00520,POL0040,CLT010,2026-03-15,2026-04-15,1120,1064,encaissée,2026-03-17
PRM00521,POL0040,CLT010,2026-04-15,2026-05-15,1120,1064,encaissée,2026-04-30
PRM00522,POL0041,CLT011,2024-09-16,2024-10-16,715,679,encaissée,2024-09-18
PRM00523,POL0041,CLT011,2024-10-16,2024-11-16,715,679,encaissée,2024-10-25
PRM00524,POL0041,CLT011,2024-11-16,2024-12-16,715,679,encaissée,2024-11-24
PRM00525,POL0041,CLT011,2024-12-16,2025-01-16,715,679,encaissée,2024-12-30
PRM00526,POL0041,CLT011,2025-01-16,2025-02-16,715,679,encaissée,2025-01-31
PRM00527,POL0041,CLT011,2025-02-16,2025-03-16,715,679,encaissée,2025-02-17
PRM00528,POL0041,CLT011,2025-03-16,2025-04-16,715,679,encaissée,2025-03-17
PRM00529,POL0041,CLT011,2025-04-16,2025-05-16,715,679,encaissée,2025-04-18
PRM00530,POL0041,CLT011,2025-05-16,2025-06-16,715,679,encaissée,2025-05-28
PRM00531,POL0041,CLT011,2025-06-16,2025-07-16,715,679,encaissée,2025-06-24
PRM00532,POL0041,CLT011,2025-07-16,2025-08-16,715,679,encaissée,2025-07-24
PRM00533,POL0041,CLT011,2025-08-16,2025-09-16,715,679,encaissée,2025-08-26
PRM00534,POL0041,CLT011,2025-09-16,2025-10-16,715,679,encaissée,2025-09-21
PRM00535,POL0041,CLT011,2025-10-16,2025-11-16,715,679,encaissée,2025-10-31
PRM00536,POL0041,CLT011,2025-11-16,2025-12-16,715,679,encaissée,2025-11-26
PRM00537,POL0041,CLT011,2025-12-16,2026-01-16,715,679,encaissée,2025-12-30
PRM00538,POL0041,CLT011,2026-01-16,2026-02-16,715,679,encaissée,2026-01-23
PRM00539,POL0041,CLT011,2026-02-16,2026-03-16,715,679,encaissée,2026-02-28
PRM00540,POL0041,CLT011,2026-03-16,2026-04-16,715,679,encaissée,2026-03-25
PRM00541,POL0041,CLT011,2026-04-16,2026-05-16,715,679,encaissée,2026-04-18
PRM00542,POL0042,CLT011,2025-09-23,2025-10-23,1286,1222,encaissée,2025-09-27
PRM00543,POL0042,CLT011,2025-10-23,2025-11-23,1286,1222,encaissée,2025-10-31
PRM00544,POL0042,CLT011,2025-11-23,2025-12-23,1286,1222,encaissée,2025-12-01
PRM00545,POL0042,CLT011,2025-12-23,2026-01-23,1286,1222,encaissée,2025-12-27
PRM00546,POL0042,CLT011,2026-01-23,2026-02-23,1286,1222,encaissée,2026-02-05
PRM00547,POL0042,CLT011,2026-02-23,2026-03-23,1286,1222,encaissée,2026-03-07
PRM00548,POL0042,CLT011,2026-03-23,2026-04-23,1286,1222,encaissée,2026-03-25
PRM00549,POL0042,CLT011,2026-04-23,2026-05-23,1286,1222,encaissée,2026-05-06
PRM00550,POL0043,CLT011,2025-04-09,2025-05-09,405,385,encaissée,2025-04-17
PRM00551,POL0043,CLT011,2025-05-09,2025-06-09,405,385,encaissée,2025-05-11
PRM00552,POL0043,CLT011,2025-06-09,2025-07-09,405,385,encaissée,2025-06-20
PRM00553,POL0043,CLT011,2025-07-09,2025-08-09,405,385,encaissée,2025-07-10
PRM00554,POL0043,CLT011,2025-08-09,2025-09-09,405,385,encaissée,2025-08-23
PRM00555,POL0043,CLT011,2025-09-09,2025-10-09,405,385,encaissée,2025-09-15
PRM00556,POL0043,CLT011,2025-10-09,2025-11-09,405,385,encaissée,2025-10-15
PRM00557,POL0043,CLT011,2025-11-09,2025-12-09,405,385,encaissée,2025-11-15
PRM00558,POL0043,CLT011,2025-12-09,2026-01-09,405,385,encaissée,2025-12-16
PRM00559,POL0043,CLT011,2026-01-09,2026-02-09,405,385,encaissée,2026-01-10
PRM00560,POL0043,CLT011,2026-02-09,2026-03-09,405,385,encaissée,2026-02-14
PRM00561,POL0043,CLT011,2026-03-09,2026-04-09,405,385,encaissée,2026-03-16
PRM00562,POL0043,CLT011,2026-04-09,2026-05-09,405,385,encaissée,2026-04-16
PRM00563,POL0044,CLT012,2025-08-12,2025-09-12,1560,1482,encaissée,2025-08-16
PRM00564,POL0044,CLT012,2025-09-12,2025-10-12,1560,1482,encaissée,2025-09-26
PRM00565,POL0044,CLT012,2025-10-12,2025-11-12,1560,1482,encaissée,2025-10-24
PRM00566,POL0044,CLT012,2025-11-12,2025-12-12,1560,1482,encaissée,2025-11-23
PRM00567,POL0044,CLT012,2025-12-12,2026-01-12,1560,1482,encaissée,2025-12-25
PRM00568,POL0044,CLT012,2026-01-12,2026-02-12,1560,1482,encaissée,2026-01-20
PRM00569,POL0044,CLT012,2026-02-12,2026-03-12,1560,1482,encaissée,2026-02-26
PRM00570,POL0044,CLT012,2026-03-12,2026-04-12,1560,1482,encaissée,2026-03-21
PRM00571,POL0044,CLT012,2026-04-12,2026-05-12,1560,1482,encaissée,2026-04-14
PRM00572,POL0045,CLT012,2025-05-23,2025-06-23,472,448,encaissée,2025-05-24
PRM00573,POL0045,CLT012,2025-06-23,2025-07-23,472,448,encaissée,2025-07-07
PRM00574,POL0045,CLT012,2025-07-23,2025-08-23,472,448,encaissée,2025-08-02
PRM00575,POL0045,CLT012,2025-08-23,2025-09-23,472,448,encaissée,2025-08-30
PRM00576,POL0045,CLT012,2025-09-23,2025-10-23,472,448,encaissée,2025-10-02
PRM00577,POL0045,CLT012,2025-10-23,2025-11-23,472,448,encaissée,2025-10-26
PRM00578,POL0045,CLT012,2025-11-23,2025-12-23,472,448,encaissée,2025-12-07
PRM00579,POL0045,CLT012,2025-12-23,2026-01-23,472,448,encaissée,2026-01-03
PRM00580,POL0045,CLT012,2026-01-23,2026-02-23,472,448,encaissée,2026-02-07
PRM00581,POL0045,CLT012,2026-02-23,2026-03-23,472,448,encaissée,2026-03-09
PRM00582,POL0045,CLT012,2026-03-23,2026-04-23,472,448,encaissée,2026-03-26
PRM00583,POL0045,CLT012,2026-04-23,2026-05-23,472,448,encaissée,2026-05-02
PRM00584,POL0046,CLT012,2024-10-01,2024-11-01,198,188,encaissée,2024-10-02
PRM00585,POL0046,CLT012,2024-11-01,2024-12-01,198,188,encaissée,2024-11-10
PRM00586,POL0046,CLT012,2024-12-01,2025-01-01,198,188,encaissée,2024-12-02
PRM00587,POL0046,CLT012,2025-01-01,2025-02-01,198,188,encaissée,2025-01-14
PRM00588,POL0046,CLT012,2025-02-01,2025-03-01,198,188,encaissée,2025-02-15
PRM00589,POL0046,CLT012,2025-03-01,2025-04-01,198,188,encaissée,2025-03-14
PRM00590,POL0046,CLT012,2025-04-01,2025-05-01,198,188,encaissée,2025-04-16
PRM00591,POL0046,CLT012,2025-05-01,2025-06-01,198,188,encaissée,2025-05-07
PRM00592,POL0046,CLT012,2025-06-01,2025-07-01,198,188,encaissée,2025-06-12
PRM00593,POL0046,CLT012,2025-07-01,2025-08-01,198,188,encaissée,2025-07-13
PRM00594,POL0046,CLT012,2025-08-01,2025-09-01,198,188,encaissée,2025-08-11
PRM00595,POL0046,CLT012,2025-09-01,2025-10-01,198,188,encaissée,2025-09-12
PRM00596,POL0046,CLT012,2025-10-01,2025-11-01,198,188,encaissée,2025-10-03
PRM00597,POL0046,CLT012,2025-11-01,2025-12-01,198,188,encaissée,2025-11-02
PRM00598,POL0046,CLT012,2025-12-01,2026-01-01,198,188,encaissée,2025-12-08
PRM00599,POL0046,CLT012,2026-01-01,2026-02-01,198,188,encaissée,2026-01-02
PRM00600,POL0046,CLT012,2026-02-01,2026-03-01,198,188,encaissée,2026-02-05
PRM00601,POL0046,CLT012,2026-03-01,2026-04-01,198,188,encaissée,2026-03-03
PRM00602,POL0046,CLT012,2026-04-01,2026-05-01,198,188,encaissée,2026-04-09
PRM00603,POL0046,CLT012,2026-05-01,2026-06-01,198,188,encaissée,2026-05-06
PRM00604,POL0047,CLT012,2024-10-16,2024-11-16,618,587,encaissée,2024-10-31
PRM00605,POL0047,CLT012,2024-11-16,2024-12-16,618,587,encaissée,2024-11-26
PRM00606,POL0047,CLT012,2024-12-16,2025-01-16,618,587,encaissée,2024-12-26
PRM00607,POL0047,CLT012,2025-01-16,2025-02-16,618,587,encaissée,2025-01-27
PRM00608,POL0047,CLT012,2025-02-16,2025-03-16,618,587,encaissée,2025-03-02
PRM00609,POL0047,CLT012,2025-03-16,2025-04-16,618,587,encaissée,2025-03-24
PRM00610,POL0047,CLT012,2025-04-16,2025-05-16,618,587,encaissée,2025-04-23
PRM00611,POL0047,CLT012,2025-05-16,2025-06-16,618,587,encaissée,2025-05-23
PRM00612,POL0047,CLT012,2025-06-16,2025-07-16,618,587,encaissée,2025-06-26
PRM00613,POL0047,CLT012,2025-07-16,2025-08-16,618,587,encaissée,2025-07-28
PRM00614,POL0047,CLT012,2025-08-16,2025-09-16,618,587,encaissée,2025-08-30
PRM00615,POL0047,CLT012,2025-09-16,2025-10-16,618,587,encaissée,2025-09-27
PRM00616,POL0047,CLT012,2025-10-16,2025-11-16,618,587,encaissée,2025-10-31
PRM00617,POL0047,CLT012,2025-11-16,2025-12-16,618,587,encaissée,2025-11-28
PRM00618,POL0047,CLT012,2025-12-16,2026-01-16,618,587,encaissée,2025-12-26
PRM00619,POL0047,CLT012,2026-01-16,2026-02-16,618,587,encaissée,2026-01-23
PRM00620,POL0047,CLT012,2026-02-16,2026-03-16,618,587,encaissée,2026-02-21
PRM00621,POL0047,CLT012,2026-03-16,2026-04-16,618,587,encaissée,2026-03-28
PRM00622,POL0047,CLT012,2026-04-16,2026-05-16,618,587,encaissée,2026-04-21
PRM00623,POL0048,CLT012,2024-08-04,2024-09-04,1638,1556,encaissée,2024-08-11
PRM00624,POL0048,CLT012,2024-09-04,2024-10-04,1638,1556,encaissée,2024-09-08
PRM00625,POL0048,CLT012,2024-10-04,2024-11-04,1638,1556,encaissée,2024-10-09
PRM00626,POL0048,CLT012,2024-11-04,2024-12-04,1638,1556,encaissée,2024-11-13
PRM00627,POL0048,CLT012,2024-12-04,2025-01-04,1638,1556,encaissée,2024-12-15
PRM00628,POL0048,CLT012,2025-01-04,2025-02-04,1638,1556,encaissée,2025-01-13
PRM00629,POL0048,CLT012,2025-02-04,2025-03-04,1638,1556,encaissée,2025-02-09
PRM00630,POL0048,CLT012,2025-03-04,2025-04-04,1638,1556,encaissée,2025-03-16
PRM00631,POL0048,CLT012,2025-04-04,2025-05-04,1638,1556,encaissée,2025-04-13
PRM00632,POL0048,CLT012,2025-05-04,2025-06-04,1638,1556,encaissée,2025-05-07
PRM00633,POL0048,CLT012,2025-06-04,2025-07-04,1638,1556,encaissée,2025-06-19
PRM00634,POL0048,CLT012,2025-07-04,2025-08-04,1638,1556,encaissée,2025-07-07
PRM00635,POL0048,CLT012,2025-08-04,2025-09-04,1638,1556,encaissée,2025-08-05
PRM00636,POL0048,CLT012,2025-09-04,2025-10-04,1638,1556,encaissée,2025-09-12
PRM00637,POL0048,CLT012,2025-10-04,2025-11-04,1638,1556,encaissée,2025-10-05
PRM00638,POL0048,CLT012,2025-11-04,2025-12-04,1638,1556,encaissée,2025-11-09
PRM00639,POL0048,CLT012,2025-12-04,2026-01-04,1638,1556,encaissée,2025-12-14
PRM00640,POL0048,CLT012,2026-01-04,2026-02-04,1638,1556,encaissée,2026-01-11
PRM00641,POL0048,CLT012,2026-02-04,2026-03-04,1638,1556,encaissée,2026-02-18
PRM00642,POL0048,CLT012,2026-03-04,2026-04-04,1638,1556,encaissée,2026-03-17
PRM00643,POL0048,CLT012,2026-04-04,2026-05-04,1638,1556,encaissée,2026-04-05
PRM00644,POL0049,CLT013,2024-10-14,2024-11-14,1429,1358,encaissée,2024-10-17
PRM00645,POL0049,CLT013,2024-11-14,2024-12-14,1429,1358,encaissée,2024-11-17
PRM00646,POL0049,CLT013,2024-12-14,2025-01-14,1429,1358,encaissée,2024-12-19
PRM00647,POL0049,CLT013,2025-01-14,2025-02-14,1429,1358,encaissée,2025-01-28
PRM00648,POL0049,CLT013,2025-02-14,2025-03-14,1429,1358,encaissée,2025-02-27
PRM00649,POL0049,CLT013,2025-03-14,2025-04-14,1429,1358,encaissée,2025-03-15
PRM00650,POL0049,CLT013,2025-04-14,2025-05-14,1429,1358,encaissée,2025-04-21
PRM00651,POL0049,CLT013,2025-05-14,2025-06-14,1429,1358,encaissée,2025-05-25
PRM00652,POL0049,CLT013,2025-06-14,2025-07-14,1429,1358,encaissée,2025-06-21
PRM00653,POL0049,CLT013,2025-07-14,2025-08-14,1429,1358,encaissée,2025-07-28
PRM00654,POL0049,CLT013,2025-08-14,2025-09-14,1429,1358,encaissée,2025-08-21
PRM00655,POL0049,CLT013,2025-09-14,2025-10-14,1429,1358,encaissée,2025-09-18
PRM00656,POL0049,CLT013,2025-10-14,2025-11-14,1429,1358,encaissée,2025-10-26
PRM00657,POL0049,CLT013,2025-11-14,2025-12-14,1429,1358,encaissée,2025-11-29
PRM00658,POL0049,CLT013,2025-12-14,2026-01-14,1429,1358,encaissée,2025-12-23
PRM00659,POL0049,CLT013,2026-01-14,2026-02-14,1429,1358,encaissée,2026-01-25
PRM00660,POL0049,CLT013,2026-02-14,2026-03-14,1429,1358,encaissée,2026-02-28
PRM00661,POL0049,CLT013,2026-03-14,2026-04-14,1429,1358,encaissée,2026-03-18
PRM00662,POL0049,CLT013,2026-04-14,2026-05-14,1429,1358,encaissée,2026-04-17
PRM00663,POL0050,CLT013,2024-05-24,2024-06-24,1628,1547,encaissée,2024-05-31
PRM00664,POL0050,CLT013,2024-06-24,2024-07-24,1628,1547,encaissée,2024-06-26
PRM00665,POL0050,CLT013,2024-07-24,2024-08-24,1628,1547,encaissée,2024-08-03
PRM00666,POL0050,CLT013,2024-08-24,2024-09-24,1628,1547,encaissée,2024-09-05
PRM00667,POL0050,CLT013,2024-09-24,2024-10-24,1628,1547,encaissée,2024-10-09
PRM00668,POL0050,CLT013,2024-10-24,2024-11-24,1628,1547,encaissée,2024-10-29
PRM00669,POL0050,CLT013,2024-11-24,2024-12-24,1628,1547,encaissée,2024-12-03
PRM00670,POL0050,CLT013,2024-12-24,2025-01-24,1628,1547,encaissée,2024-12-26
PRM00671,POL0050,CLT013,2025-01-24,2025-02-24,1628,1547,encaissée,2025-01-25
PRM00672,POL0050,CLT013,2025-02-24,2025-03-24,1628,1547,encaissée,2025-03-10
PRM00673,POL0050,CLT013,2025-03-24,2025-04-24,1628,1547,encaissée,2025-04-08
PRM00674,POL0050,CLT013,2025-04-24,2025-05-24,1628,1547,encaissée,2025-05-08
PRM00675,POL0050,CLT013,2025-05-24,2025-06-24,1628,1547,encaissée,2025-06-03
PRM00676,POL0050,CLT013,2025-06-24,2025-07-24,1628,1547,encaissée,2025-06-28
PRM00677,POL0050,CLT013,2025-07-24,2025-08-24,1628,1547,encaissée,2025-08-01
PRM00678,POL0050,CLT013,2025-08-24,2025-09-24,1628,1547,encaissée,2025-09-08
PRM00679,POL0050,CLT013,2025-09-24,2025-10-24,1628,1547,encaissée,2025-10-08
PRM00680,POL0050,CLT013,2025-10-24,2025-11-24,1628,1547,encaissée,2025-11-04
PRM00681,POL0050,CLT013,2025-11-24,2025-12-24,1628,1547,encaissée,2025-11-28
PRM00682,POL0050,CLT013,2025-12-24,2026-01-24,1628,1547,encaissée,2025-12-31
PRM00683,POL0050,CLT013,2026-01-24,2026-02-24,1628,1547,encaissée,2026-02-06
PRM00684,POL0050,CLT013,2026-02-24,2026-03-24,1628,1547,encaissée,2026-03-02
PRM00685,POL0050,CLT013,2026-03-24,2026-04-24,1628,1547,annulée,
PRM00686,POL0050,CLT013,2026-04-24,2026-05-24,1628,1547,encaissée,2026-04-29
PRM00687,POL0051,CLT013,2025-08-13,2025-09-13,932,885,encaissée,2025-08-23
PRM00688,POL0051,CLT013,2025-09-13,2025-10-13,932,885,encaissée,2025-09-27
PRM00689,POL0051,CLT013,2025-10-13,2025-11-13,932,885,encaissée,2025-10-25
PRM00690,POL0051,CLT013,2025-11-13,2025-12-13,932,885,encaissée,2025-11-15
PRM00691,POL0051,CLT013,2025-12-13,2026-01-13,932,885,encaissée,2025-12-16
PRM00692,POL0051,CLT013,2026-01-13,2026-02-13,932,885,encaissée,2026-01-19
PRM00693,POL0051,CLT013,2026-02-13,2026-03-13,932,885,encaissée,2026-02-17
PRM00694,POL0051,CLT013,2026-03-13,2026-04-13,932,885,encaissée,2026-03-14
PRM00695,POL0051,CLT013,2026-04-13,2026-05-13,932,885,encaissée,2026-04-22
PRM00696,POL0052,CLT013,2024-10-01,2024-11-01,389,370,encaissée,2024-10-12
PRM00697,POL0052,CLT013,2024-11-01,2024-12-01,389,370,encaissée,2024-11-02
PRM00698,POL0052,CLT013,2024-12-01,2025-01-01,389,370,encaissée,2024-12-14
PRM00699,POL0052,CLT013,2025-01-01,2025-02-01,389,370,encaissée,2025-01-05
PRM00700,POL0052,CLT013,2025-02-01,2025-03-01,389,370,encaissée,2025-02-15
PRM00701,POL0052,CLT013,2025-03-01,2025-04-01,389,370,encaissée,2025-03-05
PRM00702,POL0052,CLT013,2025-04-01,2025-05-01,389,370,encaissée,2025-04-15
PRM00703,POL0052,CLT013,2025-05-01,2025-06-01,389,370,encaissée,2025-05-02
PRM00704,POL0052,CLT013,2025-06-01,2025-07-01,389,370,encaissée,2025-06-13
PRM00705,POL0052,CLT013,2025-07-01,2025-08-01,389,370,encaissée,2025-07-02
PRM00706,POL0052,CLT013,2025-08-01,2025-09-01,389,370,encaissée,2025-08-12
PRM00707,POL0052,CLT013,2025-09-01,2025-10-01,389,370,encaissée,2025-09-07
PRM00708,POL0052,CLT013,2025-10-01,2025-11-01,389,370,encaissée,2025-10-13
PRM00709,POL0052,CLT013,2025-11-01,2025-12-01,389,370,encaissée,2025-11-07
PRM00710,POL0052,CLT013,2025-12-01,2026-01-01,389,370,encaissée,2025-12-12
PRM00711,POL0052,CLT013,2026-01-01,2026-02-01,389,370,encaissée,2026-01-15
PRM00712,POL0052,CLT013,2026-02-01,2026-03-01,389,370,encaissée,2026-02-04
PRM00713,POL0052,CLT013,2026-03-01,2026-04-01,389,370,encaissée,2026-03-03
PRM00714,POL0052,CLT013,2026-04-01,2026-05-01,389,370,encaissée,2026-04-12
PRM00715,POL0052,CLT013,2026-05-01,2026-06-01,389,370,encaissée,2026-05-08
PRM00716,POL0053,CLT014,2026-01-10,2026-02-10,356,338,encaissée,2026-01-17
PRM00717,POL0053,CLT014,2026-02-10,2026-03-10,356,338,encaissée,2026-02-25
PRM00718,POL0053,CLT014,2026-03-10,2026-04-10,356,338,encaissée,2026-03-19
PRM00719,POL0053,CLT014,2026-04-10,2026-05-10,356,338,encaissée,2026-04-15
PRM00720,POL0054,CLT014,2025-01-15,2025-02-15,889,845,encaissée,2025-01-28
PRM00721,POL0054,CLT014,2025-02-15,2025-03-15,889,845,encaissée,2025-02-18
PRM00722,POL0054,CLT014,2025-03-15,2025-04-15,889,845,encaissée,2025-03-28
PRM00723,POL0054,CLT014,2025-04-15,2025-05-15,889,845,encaissée,2025-04-19
PRM00724,POL0054,CLT014,2025-05-15,2025-06-15,889,845,encaissée,2025-05-30
PRM00725,POL0054,CLT014,2025-06-15,2025-07-15,889,845,encaissée,2025-06-25
PRM00726,POL0054,CLT014,2025-07-15,2025-08-15,889,845,encaissée,2025-07-28
PRM00727,POL0054,CLT014,2025-08-15,2025-09-15,889,845,encaissée,2025-08-16
PRM00728,POL0054,CLT014,2025-09-15,2025-10-15,889,845,encaissée,2025-09-19
PRM00729,POL0054,CLT014,2025-10-15,2025-11-15,889,845,encaissée,2025-10-23
PRM00730,POL0054,CLT014,2025-11-15,2025-12-15,889,845,encaissée,2025-11-17
PRM00731,POL0054,CLT014,2025-12-15,2026-01-15,889,845,encaissée,2025-12-23
PRM00732,POL0054,CLT014,2026-01-15,2026-02-15,889,845,encaissée,2026-01-27
PRM00733,POL0054,CLT014,2026-02-15,2026-03-15,889,845,encaissée,2026-02-23
PRM00734,POL0054,CLT014,2026-03-15,2026-04-15,889,845,encaissée,2026-03-29
PRM00735,POL0054,CLT014,2026-04-15,2026-05-15,889,845,encaissée,2026-04-18
PRM00736,POL0055,CLT014,2025-10-25,2025-11-25,647,615,encaissée,2025-11-05
PRM00737,POL0055,CLT014,2025-11-25,2025-12-25,647,615,encaissée,2025-12-09
PRM00738,POL0055,CLT014,2025-12-25,2026-01-25,647,615,encaissée,2025-12-29
PRM00739,POL0055,CLT014,2026-01-25,2026-02-25,647,615,encaissée,2026-02-01
PRM00740,POL0055,CLT014,2026-02-25,2026-03-25,647,615,encaissée,2026-02-26
PRM00741,POL0055,CLT014,2026-03-25,2026-04-25,647,615,encaissée,2026-04-03
PRM00742,POL0055,CLT014,2026-04-25,2026-05-25,647,615,encaissée,2026-04-26
PRM00743,POL0056,CLT014,2024-07-18,2024-08-18,753,715,encaissée,2024-07-19
PRM00744,POL0056,CLT014,2024-08-18,2024-09-18,753,715,encaissée,2024-08-28
PRM00745,POL0056,CLT014,2024-09-18,2024-10-18,753,715,encaissée,2024-09-21
PRM00746,POL0056,CLT014,2024-10-18,2024-11-18,753,715,encaissée,2024-10-22
PRM00747,POL0056,CLT014,2024-11-18,2024-12-18,753,715,encaissée,2024-11-30
PRM00748,POL0056,CLT014,2024-12-18,2025-01-18,753,715,encaissée,2024-12-27
PRM00749,POL0056,CLT014,2025-01-18,2025-02-18,753,715,encaissée,2025-02-02
PRM00750,POL0056,CLT014,2025-02-18,2025-03-18,753,715,encaissée,2025-02-20
PRM00751,POL0056,CLT014,2025-03-18,2025-04-18,753,715,encaissée,2025-03-19
PRM00752,POL0056,CLT014,2025-04-18,2025-05-18,753,715,encaissée,2025-04-28
PRM00753,POL0056,CLT014,2025-05-18,2025-06-18,753,715,encaissée,2025-05-27
PRM00754,POL0056,CLT014,2025-06-18,2025-07-18,753,715,encaissée,2025-06-29
PRM00755,POL0056,CLT014,2025-07-18,2025-08-18,753,715,encaissée,2025-08-01
PRM00756,POL0056,CLT014,2025-08-18,2025-09-18,753,715,encaissée,2025-08-22
PRM00757,POL0056,CLT014,2025-09-18,2025-10-18,753,715,encaissée,2025-09-20
PRM00758,POL0056,CLT014,2025-10-18,2025-11-18,753,715,encaissée,2025-10-22
PRM00759,POL0056,CLT014,2025-11-18,2025-12-18,753,715,encaissée,2025-11-24
PRM00760,POL0056,CLT014,2025-12-18,2026-01-18,753,715,encaissée,2025-12-19
PRM00761,POL0056,CLT014,2026-01-18,2026-02-18,753,715,encaissée,2026-01-29
PRM00762,POL0056,CLT014,2026-02-18,2026-03-18,753,715,encaissée,2026-02-26
PRM00763,POL0056,CLT014,2026-03-18,2026-04-18,753,715,encaissée,2026-03-20
PRM00764,POL0056,CLT014,2026-04-18,2026-05-18,753,715,encaissée,2026-05-02
PRM00765,POL0057,CLT014,2024-09-22,2024-10-22,2074,1970,encaissée,2024-09-28
PRM00766,POL0057,CLT014,2024-10-22,2024-11-22,2074,1970,encaissée,2024-11-05
PRM00767,POL0057,CLT014,2024-11-22,2024-12-22,2074,1970,encaissée,2024-12-07
PRM00768,POL0057,CLT014,2024-12-22,2025-01-22,2074,1970,encaissée,2025-01-04
PRM00769,POL0057,CLT014,2025-01-22,2025-02-22,2074,1970,encaissée,2025-01-31
PRM00770,POL0057,CLT014,2025-02-22,2025-03-22,2074,1970,encaissée,2025-02-28
PRM00771,POL0057,CLT014,2025-03-22,2025-04-22,2074,1970,encaissée,2025-04-01
PRM00772,POL0057,CLT014,2025-04-22,2025-05-22,2074,1970,encaissée,2025-04-24
PRM00773,POL0057,CLT014,2025-05-22,2025-06-22,2074,1970,encaissée,2025-05-29
PRM00774,POL0057,CLT014,2025-06-22,2025-07-22,2074,1970,encaissée,2025-06-23
PRM00775,POL0057,CLT014,2025-07-22,2025-08-22,2074,1970,encaissée,2025-08-02
PRM00776,POL0057,CLT014,2025-08-22,2025-09-22,2074,1970,encaissée,2025-08-24
PRM00777,POL0057,CLT014,2025-09-22,2025-10-22,2074,1970,encaissée,2025-10-03
PRM00778,POL0057,CLT014,2025-10-22,2025-11-22,2074,1970,encaissée,2025-11-01
PRM00779,POL0057,CLT014,2025-11-22,2025-12-22,2074,1970,encaissée,2025-12-07
PRM00780,POL0057,CLT014,2025-12-22,2026-01-22,2074,1970,encaissée,2025-12-24
PRM00781,POL0057,CLT014,2026-01-22,2026-02-22,2074,1970,encaissée,2026-02-03
PRM00782,POL0057,CLT014,2026-02-22,2026-03-22,2074,1970,encaissée,2026-03-06
PRM00783,POL0057,CLT014,2026-03-22,2026-04-22,2074,1970,encaissée,2026-04-06
PRM00784,POL0057,CLT014,2026-04-22,2026-05-22,2074,1970,encaissée,2026-04-25
PRM00785,POL0058,CLT014,2025-03-03,2025-04-03,441,419,encaissée,2025-03-18
PRM00786,POL0058,CLT014,2025-04-03,2025-05-03,441,419,encaissée,2025-04-08
PRM00787,POL0058,CLT014,2025-05-03,2025-06-03,441,419,encaissée,2025-05-04
PRM00788,POL0058,CLT014,2025-06-03,2025-07-03,441,419,encaissée,2025-06-04
PRM00789,POL0058,CLT014,2025-07-03,2025-08-03,441,419,encaissée,2025-07-15
PRM00790,POL0058,CLT014,2025-08-03,2025-09-03,441,419,encaissée,2025-08-09
PRM00791,POL0058,CLT014,2025-09-03,2025-10-03,441,419,encaissée,2025-09-13
PRM00792,POL0058,CLT014,2025-10-03,2025-11-03,441,419,encaissée,2025-10-08
PRM00793,POL0058,CLT014,2025-11-03,2025-12-03,441,419,encaissée,2025-11-07
PRM00794,POL0058,CLT014,2025-12-03,2026-01-03,441,419,encaissée,2025-12-15
PRM00795,POL0058,CLT014,2026-01-03,2026-02-03,441,419,encaissée,2026-01-08
PRM00796,POL0058,CLT014,2026-02-03,2026-03-03,441,419,encaissée,2026-02-13
PRM00797,POL0058,CLT014,2026-03-03,2026-04-03,441,419,encaissée,2026-03-18
PRM00798,POL0058,CLT014,2026-04-03,2026-05-03,441,419,encaissée,2026-04-09
PRM00799,POL0059,CLT015,2024-09-16,2024-10-16,933,886,encaissée,2024-09-30
PRM00800,POL0059,CLT015,2024-10-16,2024-11-16,933,886,encaissée,2024-10-31
PRM00801,POL0059,CLT015,2024-11-16,2024-12-16,933,886,encaissée,2024-11-30
PRM00802,POL0059,CLT015,2024-12-16,2025-01-16,933,886,encaissée,2024-12-28
PRM00803,POL0059,CLT015,2025-01-16,2025-02-16,933,886,encaissée,2025-01-18
PRM00804,POL0059,CLT015,2025-02-16,2025-03-16,933,886,encaissée,2025-02-22
PRM00805,POL0059,CLT015,2025-03-16,2025-04-16,933,886,encaissée,2025-03-19
PRM00806,POL0059,CLT015,2025-04-16,2025-05-16,933,886,encaissée,2025-04-17
PRM00807,POL0059,CLT015,2025-05-16,2025-06-16,933,886,encaissée,2025-05-27
PRM00808,POL0059,CLT015,2025-06-16,2025-07-16,933,886,encaissée,2025-06-19
PRM00809,POL0059,CLT015,2025-07-16,2025-08-16,933,886,encaissée,2025-07-17
PRM00810,POL0059,CLT015,2025-08-16,2025-09-16,933,886,encaissée,2025-08-28
PRM00811,POL0059,CLT015,2025-09-16,2025-10-16,933,886,encaissée,2025-09-28
PRM00812,POL0059,CLT015,2025-10-16,2025-11-16,933,886,encaissée,2025-10-21
PRM00813,POL0059,CLT015,2025-11-16,2025-12-16,933,886,encaissée,2025-11-22
PRM00814,POL0059,CLT015,2025-12-16,2026-01-16,933,886,encaissée,2025-12-30
PRM00815,POL0059,CLT015,2026-01-16,2026-02-16,933,886,encaissée,2026-01-17
PRM00816,POL0059,CLT015,2026-02-16,2026-03-16,933,886,encaissée,2026-02-19
PRM00817,POL0059,CLT015,2026-03-16,2026-04-16,933,886,encaissée,2026-03-30
PRM00818,POL0059,CLT015,2026-04-16,2026-05-16,933,886,encaissée,2026-04-23
PRM00819,POL0060,CLT015,2024-06-28,2024-07-28,437,415,encaissée,2024-07-03
PRM00820,POL0060,CLT015,2024-07-28,2024-08-28,437,415,encaissée,2024-08-09
PRM00821,POL0060,CLT015,2024-08-28,2024-09-28,437,415,encaissée,2024-09-10
PRM00822,POL0060,CLT015,2024-09-28,2024-10-28,437,415,encaissée,2024-09-30
PRM00823,POL0060,CLT015,2024-10-28,2024-11-28,437,415,encaissée,2024-11-02
PRM00824,POL0060,CLT015,2024-11-28,2024-12-28,437,415,encaissée,2024-12-06
PRM00825,POL0060,CLT015,2024-12-28,2025-01-28,437,415,encaissée,2025-01-05
PRM00826,POL0060,CLT015,2025-01-28,2025-02-28,437,415,encaissée,2025-02-12
PRM00827,POL0060,CLT015,2025-02-28,2025-03-28,437,415,encaissée,2025-03-07
PRM00828,POL0060,CLT015,2025-03-28,2025-04-28,437,415,encaissée,2025-03-31
PRM00829,POL0060,CLT015,2025-04-28,2025-05-28,437,415,encaissée,2025-05-09
PRM00830,POL0060,CLT015,2025-05-28,2025-06-28,437,415,encaissée,2025-06-08
PRM00831,POL0060,CLT015,2025-06-28,2025-07-28,437,415,encaissée,2025-07-10
PRM00832,POL0060,CLT015,2025-07-28,2025-08-28,437,415,encaissée,2025-08-10
PRM00833,POL0060,CLT015,2025-08-28,2025-09-28,437,415,encaissée,2025-09-10
PRM00834,POL0060,CLT015,2025-09-28,2025-10-28,437,415,encaissée,2025-10-05
PRM00835,POL0060,CLT015,2025-10-28,2025-11-28,437,415,encaissée,2025-11-07
PRM00836,POL0060,CLT015,2025-11-28,2025-12-28,437,415,encaissée,2025-12-01
PRM00837,POL0060,CLT015,2025-12-28,2026-01-28,437,415,encaissée,2026-01-03
PRM00838,POL0060,CLT015,2026-01-28,2026-02-28,437,415,encaissée,2026-02-02
PRM00839,POL0060,CLT015,2026-02-28,2026-03-28,437,415,encaissée,2026-03-06
PRM00840,POL0060,CLT015,2026-03-28,2026-04-28,437,415,encaissée,2026-03-29
PRM00841,POL0060,CLT015,2026-04-28,2026-05-28,437,415,encaissée,2026-05-08
PRM00842,POL0061,CLT015,2024-12-12,2025-01-12,1872,1778,encaissée,2024-12-15
PRM00843,POL0061,CLT015,2025-01-12,2025-02-12,1872,1778,encaissée,2025-01-14
PRM00844,POL0061,CLT015,2025-02-12,2025-03-12,1872,1778,encaissée,2025-02-13
PRM00845,POL0061,CLT015,2025-03-12,2025-04-12,1872,1778,encaissée,2025-03-20
PRM00846,POL0061,CLT015,2025-04-12,2025-05-12,1872,1778,encaissée,2025-04-26
PRM00847,POL0061,CLT015,2025-05-12,2025-06-12,1872,1778,encaissée,2025-05-24
PRM00848,POL0061,CLT015,2025-06-12,2025-07-12,1872,1778,encaissée,2025-06-21
PRM00849,POL0061,CLT015,2025-07-12,2025-08-12,1872,1778,encaissée,2025-07-26
PRM00850,POL0061,CLT015,2025-08-12,2025-09-12,1872,1778,encaissée,2025-08-16
PRM00851,POL0061,CLT015,2025-09-12,2025-10-12,1872,1778,encaissée,2025-09-20
PRM00852,POL0061,CLT015,2025-10-12,2025-11-12,1872,1778,encaissée,2025-10-17
PRM00853,POL0061,CLT015,2025-11-12,2025-12-12,1872,1778,encaissée,2025-11-17
PRM00854,POL0061,CLT015,2025-12-12,2026-01-12,1872,1778,encaissée,2025-12-20
PRM00855,POL0061,CLT015,2026-01-12,2026-02-12,1872,1778,encaissée,2026-01-22
PRM00856,POL0061,CLT015,2026-02-12,2026-03-12,1872,1778,encaissée,2026-02-23
PRM00857,POL0061,CLT015,2026-03-12,2026-04-12,1872,1778,encaissée,2026-03-21
PRM00858,POL0061,CLT015,2026-04-12,2026-05-12,1872,1778,encaissée,2026-04-27
PRM00859,POL0062,CLT016,2025-12-26,2026-01-26,2021,1920,encaissée,2025-12-27
PRM00860,POL0062,CLT016,2026-01-26,2026-02-26,2021,1920,encaissée,2026-02-10
PRM00861,POL0062,CLT016,2026-02-26,2026-03-26,2021,1920,encaissée,2026-02-27
PRM00862,POL0062,CLT016,2026-03-26,2026-04-26,2021,1920,encaissée,2026-04-09
PRM00863,POL0062,CLT016,2026-04-26,2026-05-26,2021,1920,encaissée,2026-05-09
PRM00864,POL0063,CLT016,2025-01-13,2025-02-13,181,172,encaissée,2025-01-18
PRM00865,POL0063,CLT016,2025-02-13,2025-03-13,181,172,encaissée,2025-02-20
PRM00866,POL0063,CLT016,2025-03-13,2025-04-13,181,172,encaissée,2025-03-26
PRM00867,POL0063,CLT016,2025-04-13,2025-05-13,181,172,encaissée,2025-04-26
PRM00868,POL0063,CLT016,2025-05-13,2025-06-13,181,172,encaissée,2025-05-24
PRM00869,POL0063,CLT016,2025-06-13,2025-07-13,181,172,encaissée,2025-06-16
PRM00870,POL0063,CLT016,2025-07-13,2025-08-13,181,172,encaissée,2025-07-20
PRM00871,POL0063,CLT016,2025-08-13,2025-09-13,181,172,encaissée,2025-08-27
PRM00872,POL0063,CLT016,2025-09-13,2025-10-13,181,172,encaissée,2025-09-16
PRM00873,POL0063,CLT016,2025-10-13,2025-11-13,181,172,encaissée,2025-10-24
PRM00874,POL0063,CLT016,2025-11-13,2025-12-13,181,172,encaissée,2025-11-23
PRM00875,POL0063,CLT016,2025-12-13,2026-01-13,181,172,encaissée,2025-12-18
PRM00876,POL0063,CLT016,2026-01-13,2026-02-13,181,172,encaissée,2026-01-17
PRM00877,POL0063,CLT016,2026-02-13,2026-03-13,181,172,encaissée,2026-02-27
PRM00878,POL0063,CLT016,2026-03-13,2026-04-13,181,172,encaissée,2026-03-28
PRM00879,POL0063,CLT016,2026-04-13,2026-05-13,181,172,encaissée,2026-04-18
PRM00880,POL0064,CLT016,2024-05-03,2024-06-03,746,709,encaissée,2024-05-16
PRM00881,POL0064,CLT016,2024-06-03,2024-07-03,746,709,encaissée,2024-06-08
PRM00882,POL0064,CLT016,2024-07-03,2024-08-03,746,709,encaissée,2024-07-09
PRM00883,POL0064,CLT016,2024-08-03,2024-09-03,746,709,encaissée,2024-08-08
PRM00884,POL0064,CLT016,2024-09-03,2024-10-03,746,709,encaissée,2024-09-17
PRM00885,POL0064,CLT016,2024-10-03,2024-11-03,746,709,encaissée,2024-10-07
PRM00886,POL0064,CLT016,2024-11-03,2024-12-03,746,709,encaissée,2024-11-13
PRM00887,POL0064,CLT016,2024-12-03,2025-01-03,746,709,encaissée,2024-12-18
PRM00888,POL0064,CLT016,2025-01-03,2025-02-03,746,709,encaissée,2025-01-05
PRM00889,POL0064,CLT016,2025-02-03,2025-03-03,746,709,encaissée,2025-02-08
PRM00890,POL0064,CLT016,2025-03-03,2025-04-03,746,709,encaissée,2025-03-10
PRM00891,POL0064,CLT016,2025-04-03,2025-05-03,746,709,encaissée,2025-04-09
PRM00892,POL0064,CLT016,2025-05-03,2025-06-03,746,709,encaissée,2025-05-05
PRM00893,POL0064,CLT016,2025-06-03,2025-07-03,746,709,encaissée,2025-06-12
PRM00894,POL0064,CLT016,2025-07-03,2025-08-03,746,709,encaissée,2025-07-14
PRM00895,POL0064,CLT016,2025-08-03,2025-09-03,746,709,encaissée,2025-08-04
PRM00896,POL0064,CLT016,2025-09-03,2025-10-03,746,709,encaissée,2025-09-05
PRM00897,POL0064,CLT016,2025-10-03,2025-11-03,746,709,encaissée,2025-10-18
PRM00898,POL0064,CLT016,2025-11-03,2025-12-03,746,709,encaissée,2025-11-07
PRM00899,POL0064,CLT016,2025-12-03,2026-01-03,746,709,encaissée,2025-12-09
PRM00900,POL0064,CLT016,2026-01-03,2026-02-03,746,709,encaissée,2026-01-08
PRM00901,POL0064,CLT016,2026-02-03,2026-03-03,746,709,encaissée,2026-02-05
PRM00902,POL0064,CLT016,2026-03-03,2026-04-03,746,709,encaissée,2026-03-06
PRM00903,POL0064,CLT016,2026-04-03,2026-05-03,746,709,encaissée,2026-04-16
PRM00904,POL0065,CLT016,2024-11-06,2024-12-06,906,861,encaissée,2024-11-18
PRM00905,POL0065,CLT016,2024-12-06,2025-01-06,906,861,encaissée,2024-12-13
PRM00906,POL0065,CLT016,2025-01-06,2025-02-06,906,861,encaissée,2025-01-16
PRM00907,POL0065,CLT016,2025-02-06,2025-03-06,906,861,encaissée,2025-02-09
PRM00908,POL0065,CLT016,2025-03-06,2025-04-06,906,861,encaissée,2025-03-10
PRM00909,POL0065,CLT016,2025-04-06,2025-05-06,906,861,encaissée,2025-04-20
PRM00910,POL0065,CLT016,2025-05-06,2025-06-06,906,861,encaissée,2025-05-14
PRM00911,POL0065,CLT016,2025-06-06,2025-07-06,906,861,encaissée,2025-06-14
PRM00912,POL0065,CLT016,2025-07-06,2025-08-06,906,861,encaissée,2025-07-07
PRM00913,POL0065,CLT016,2025-08-06,2025-09-06,906,861,encaissée,2025-08-11
PRM00914,POL0065,CLT016,2025-09-06,2025-10-06,906,861,encaissée,2025-09-21
PRM00915,POL0065,CLT016,2025-10-06,2025-11-06,906,861,encaissée,2025-10-14
PRM00916,POL0065,CLT016,2025-11-06,2025-12-06,906,861,encaissée,2025-11-18
PRM00917,POL0065,CLT016,2025-12-06,2026-01-06,906,861,encaissée,2025-12-13
PRM00918,POL0065,CLT016,2026-01-06,2026-02-06,906,861,encaissée,2026-01-07
PRM00919,POL0065,CLT016,2026-02-06,2026-03-06,906,861,encaissée,2026-02-09
PRM00920,POL0065,CLT016,2026-03-06,2026-04-06,906,861,encaissée,2026-03-09
PRM00921,POL0065,CLT016,2026-04-06,2026-05-06,906,861,encaissée,2026-04-18
PRM00922,POL0066,CLT016,2024-09-10,2024-10-10,1987,1888,encaissée,2024-09-23
PRM00923,POL0066,CLT016,2024-10-10,2024-11-10,1987,1888,encaissée,2024-10-17
PRM00924,POL0066,CLT016,2024-11-10,2024-12-10,1987,1888,encaissée,2024-11-21
PRM00925,POL0066,CLT016,2024-12-10,2025-01-10,1987,1888,encaissée,2024-12-22
PRM00926,POL0066,CLT016,2025-01-10,2025-02-10,1987,1888,encaissée,2025-01-21
PRM00927,POL0066,CLT016,2025-02-10,2025-03-10,1987,1888,encaissée,2025-02-19
PRM00928,POL0066,CLT016,2025-03-10,2025-04-10,1987,1888,encaissée,2025-03-14
PRM00929,POL0066,CLT016,2025-04-10,2025-05-10,1987,1888,encaissée,2025-04-24
PRM00930,POL0066,CLT016,2025-05-10,2025-06-10,1987,1888,encaissée,2025-05-24
PRM00931,POL0066,CLT016,2025-06-10,2025-07-10,1987,1888,encaissée,2025-06-13
PRM00932,POL0066,CLT016,2025-07-10,2025-08-10,1987,1888,encaissée,2025-07-13
PRM00933,POL0066,CLT016,2025-08-10,2025-09-10,1987,1888,encaissée,2025-08-25
PRM00934,POL0066,CLT016,2025-09-10,2025-10-10,1987,1888,encaissée,2025-09-19
PRM00935,POL0066,CLT016,2025-10-10,2025-11-10,1987,1888,encaissée,2025-10-20
PRM00936,POL0066,CLT016,2025-11-10,2025-12-10,1987,1888,encaissée,2025-11-15
PRM00937,POL0066,CLT016,2025-12-10,2026-01-10,1987,1888,encaissée,2025-12-19
PRM00938,POL0066,CLT016,2026-01-10,2026-02-10,1987,1888,encaissée,2026-01-19
PRM00939,POL0066,CLT016,2026-02-10,2026-03-10,1987,1888,encaissée,2026-02-11
PRM00940,POL0066,CLT016,2026-03-10,2026-04-10,1987,1888,encaissée,2026-03-14
PRM00941,POL0066,CLT016,2026-04-10,2026-05-10,1987,1888,encaissée,2026-04-18
PRM00942,POL0067,CLT016,2025-04-23,2025-05-23,1062,1009,encaissée,2025-04-27
PRM00943,POL0067,CLT016,2025-05-23,2025-06-23,1062,1009,encaissée,2025-05-29
PRM00944,POL0067,CLT016,2025-06-23,2025-07-23,1062,1009,encaissée,2025-06-24
PRM00945,POL0067,CLT016,2025-07-23,2025-08-23,1062,1009,encaissée,2025-08-01
PRM00946,POL0067,CLT016,2025-08-23,2025-09-23,1062,1009,encaissée,2025-08-29
PRM00947,POL0067,CLT016,2025-09-23,2025-10-23,1062,1009,encaissée,2025-09-24
PRM00948,POL0067,CLT016,2025-10-23,2025-11-23,1062,1009,encaissée,2025-11-06
PRM00949,POL0067,CLT016,2025-11-23,2025-12-23,1062,1009,encaissée,2025-11-29
PRM00950,POL0067,CLT016,2025-12-23,2026-01-23,1062,1009,encaissée,2025-12-25
PRM00951,POL0067,CLT016,2026-01-23,2026-02-23,1062,1009,encaissée,2026-02-04
PRM00952,POL0067,CLT016,2026-02-23,2026-03-23,1062,1009,encaissée,2026-03-05
PRM00953,POL0067,CLT016,2026-03-23,2026-04-23,1062,1009,encaissée,2026-03-30
PRM00954,POL0067,CLT016,2026-04-23,2026-05-23,1062,1009,encaissée,2026-05-01
PRM00955,POL0068,CLT017,2024-10-04,2024-11-04,1845,1753,encaissée,2024-10-08
PRM00956,POL0068,CLT017,2024-11-04,2024-12-04,1845,1753,encaissée,2024-11-13
PRM00957,POL0068,CLT017,2024-12-04,2025-01-04,1845,1753,encaissée,2024-12-06
PRM00958,POL0068,CLT017,2025-01-04,2025-02-04,1845,1753,encaissée,2025-01-12
PRM00959,POL0068,CLT017,2025-02-04,2025-03-04,1845,1753,encaissée,2025-02-18
PRM00960,POL0068,CLT017,2025-03-04,2025-04-04,1845,1753,encaissée,2025-03-14
PRM00961,POL0068,CLT017,2025-04-04,2025-05-04,1845,1753,encaissée,2025-04-17
PRM00962,POL0068,CLT017,2025-05-04,2025-06-04,1845,1753,encaissée,2025-05-14
PRM00963,POL0068,CLT017,2025-06-04,2025-07-04,1845,1753,encaissée,2025-06-09
PRM00964,POL0068,CLT017,2025-07-04,2025-08-04,1845,1753,encaissée,2025-07-08
PRM00965,POL0068,CLT017,2025-08-04,2025-09-04,1845,1753,encaissée,2025-08-18
PRM00966,POL0068,CLT017,2025-09-04,2025-10-04,1845,1753,encaissée,2025-09-17
PRM00967,POL0068,CLT017,2025-10-04,2025-11-04,1845,1753,encaissée,2025-10-09
PRM00968,POL0068,CLT017,2025-11-04,2025-12-04,1845,1753,encaissée,2025-11-16
PRM00969,POL0068,CLT017,2025-12-04,2026-01-04,1845,1753,encaissée,2025-12-06
PRM00970,POL0068,CLT017,2026-01-04,2026-02-04,1845,1753,encaissée,2026-01-19
PRM00971,POL0068,CLT017,2026-02-04,2026-03-04,1845,1753,encaissée,2026-02-09
PRM00972,POL0068,CLT017,2026-03-04,2026-04-04,1845,1753,encaissée,2026-03-14
PRM00973,POL0068,CLT017,2026-04-04,2026-05-04,1845,1753,encaissée,2026-04-19
PRM00974,POL0069,CLT017,2025-01-15,2025-02-15,97,92,encaissée,2025-01-20
PRM00975,POL0069,CLT017,2025-02-15,2025-03-15,97,92,encaissée,2025-02-20
PRM00976,POL0069,CLT017,2025-03-15,2025-04-15,97,92,encaissée,2025-03-26
PRM00977,POL0069,CLT017,2025-04-15,2025-05-15,97,92,encaissée,2025-04-25
PRM00978,POL0069,CLT017,2025-05-15,2025-06-15,97,92,encaissée,2025-05-20
PRM00979,POL0069,CLT017,2025-06-15,2025-07-15,97,92,encaissée,2025-06-29
PRM00980,POL0069,CLT017,2025-07-15,2025-08-15,97,92,encaissée,2025-07-22
PRM00981,POL0069,CLT017,2025-08-15,2025-09-15,97,92,encaissée,2025-08-21
PRM00982,POL0069,CLT017,2025-09-15,2025-10-15,97,92,encaissée,2025-09-25
PRM00983,POL0069,CLT017,2025-10-15,2025-11-15,97,92,encaissée,2025-10-29
PRM00984,POL0069,CLT017,2025-11-15,2025-12-15,97,92,encaissée,2025-11-21
PRM00985,POL0069,CLT017,2025-12-15,2026-01-15,97,92,encaissée,2025-12-24
PRM00986,POL0069,CLT017,2026-01-15,2026-02-15,97,92,encaissée,2026-01-18
PRM00987,POL0069,CLT017,2026-02-15,2026-03-15,97,92,encaissée,2026-02-20
PRM00988,POL0069,CLT017,2026-03-15,2026-04-15,97,92,encaissée,2026-03-26
PRM00989,POL0069,CLT017,2026-04-15,2026-05-15,97,92,encaissée,2026-04-22
PRM00990,POL0070,CLT017,2025-05-02,2025-06-02,381,362,encaissée,2025-05-08
PRM00991,POL0070,CLT017,2025-06-02,2025-07-02,381,362,encaissée,2025-06-17
PRM00992,POL0070,CLT017,2025-07-02,2025-08-02,381,362,encaissée,2025-07-14
PRM00993,POL0070,CLT017,2025-08-02,2025-09-02,381,362,encaissée,2025-08-07
PRM00994,POL0070,CLT017,2025-09-02,2025-10-02,381,362,encaissée,2025-09-05
PRM00995,POL0070,CLT017,2025-10-02,2025-11-02,381,362,encaissée,2025-10-05
PRM00996,POL0070,CLT017,2025-11-02,2025-12-02,381,362,encaissée,2025-11-03
PRM00997,POL0070,CLT017,2025-12-02,2026-01-02,381,362,encaissée,2025-12-14
PRM00998,POL0070,CLT017,2026-01-02,2026-02-02,381,362,encaissée,2026-01-15
PRM00999,POL0070,CLT017,2026-02-02,2026-03-02,381,362,encaissée,2026-02-03
PRM01000,POL0070,CLT017,2026-03-02,2026-04-02,381,362,encaissée,2026-03-13
PRM01001,POL0070,CLT017,2026-04-02,2026-05-02,381,362,encaissée,2026-04-09
PRM01002,POL0070,CLT017,2026-05-02,2026-06-02,381,362,encaissée,2026-05-13
PRM01003,POL0071,CLT017,2025-05-14,2025-06-14,343,326,encaissée,2025-05-18
PRM01004,POL0071,CLT017,2025-06-14,2025-07-14,343,326,encaissée,2025-06-16
PRM01005,POL0071,CLT017,2025-07-14,2025-08-14,343,326,encaissée,2025-07-28
PRM01006,POL0071,CLT017,2025-08-14,2025-09-14,343,326,encaissée,2025-08-17
PRM01007,POL0071,CLT017,2025-09-14,2025-10-14,343,326,encaissée,2025-09-18
PRM01008,POL0071,CLT017,2025-10-14,2025-11-14,343,326,encaissée,2025-10-27
PRM01009,POL0071,CLT017,2025-11-14,2025-12-14,343,326,encaissée,2025-11-20
PRM01010,POL0071,CLT017,2025-12-14,2026-01-14,343,326,encaissée,2025-12-20
PRM01011,POL0071,CLT017,2026-01-14,2026-02-14,343,326,encaissée,2026-01-24
PRM01012,POL0071,CLT017,2026-02-14,2026-03-14,343,326,encaissée,2026-02-22
PRM01013,POL0071,CLT017,2026-03-14,2026-04-14,343,326,encaissée,2026-03-23
PRM01014,POL0071,CLT017,2026-04-14,2026-05-14,343,326,encaissée,2026-04-24
PRM01015,POL0072,CLT018,2025-08-22,2025-09-22,151,143,encaissée,2025-08-26
PRM01016,POL0072,CLT018,2025-09-22,2025-10-22,151,143,encaissée,2025-09-25
PRM01017,POL0072,CLT018,2025-10-22,2025-11-22,151,143,encaissée,2025-10-28
PRM01018,POL0072,CLT018,2025-11-22,2025-12-22,151,143,encaissée,2025-11-24
PRM01019,POL0072,CLT018,2025-12-22,2026-01-22,151,143,encaissée,2025-12-30
PRM01020,POL0072,CLT018,2026-01-22,2026-02-22,151,143,encaissée,2026-01-30
PRM01021,POL0072,CLT018,2026-02-22,2026-03-22,151,143,encaissée,2026-03-08
PRM01022,POL0072,CLT018,2026-03-22,2026-04-22,151,143,encaissée,2026-04-02
PRM01023,POL0072,CLT018,2026-04-22,2026-05-22,151,143,encaissée,2026-04-24
PRM01024,POL0073,CLT018,2025-03-04,2025-04-04,1666,1583,encaissée,2025-03-05
PRM01025,POL0073,CLT018,2025-04-04,2025-05-04,1666,1583,encaissée,2025-04-18
PRM01026,POL0073,CLT018,2025-05-04,2025-06-04,1666,1583,encaissée,2025-05-11
PRM01027,POL0073,CLT018,2025-06-04,2025-07-04,1666,1583,encaissée,2025-06-09
PRM01028,POL0073,CLT018,2025-07-04,2025-08-04,1666,1583,encaissée,2025-07-18
PRM01029,POL0073,CLT018,2025-08-04,2025-09-04,1666,1583,encaissée,2025-08-19
PRM01030,POL0073,CLT018,2025-09-04,2025-10-04,1666,1583,encaissée,2025-09-18
PRM01031,POL0073,CLT018,2025-10-04,2025-11-04,1666,1583,encaissée,2025-10-18
PRM01032,POL0073,CLT018,2025-11-04,2025-12-04,1666,1583,encaissée,2025-11-14
PRM01033,POL0073,CLT018,2025-12-04,2026-01-04,1666,1583,encaissée,2025-12-08
PRM01034,POL0073,CLT018,2026-01-04,2026-02-04,1666,1583,encaissée,2026-01-05
PRM01035,POL0073,CLT018,2026-02-04,2026-03-04,1666,1583,encaissée,2026-02-19
PRM01036,POL0073,CLT018,2026-03-04,2026-04-04,1666,1583,encaissée,2026-03-14
PRM01037,POL0073,CLT018,2026-04-04,2026-05-04,1666,1583,encaissée,2026-04-12
PRM01038,POL0074,CLT018,2025-02-22,2025-03-22,928,882,encaissée,2025-02-28
PRM01039,POL0074,CLT018,2025-03-22,2025-04-22,928,882,encaissée,2025-03-28
PRM01040,POL0074,CLT018,2025-04-22,2025-05-22,928,882,encaissée,2025-04-29
PRM01041,POL0074,CLT018,2025-05-22,2025-06-22,928,882,encaissée,2025-05-25
PRM01042,POL0074,CLT018,2025-06-22,2025-07-22,928,882,encaissée,2025-07-01
PRM01043,POL0074,CLT018,2025-07-22,2025-08-22,928,882,encaissée,2025-07-23
PRM01044,POL0074,CLT018,2025-08-22,2025-09-22,928,882,encaissée,2025-08-27
PRM01045,POL0074,CLT018,2025-09-22,2025-10-22,928,882,encaissée,2025-10-06
PRM01046,POL0074,CLT018,2025-10-22,2025-11-22,928,882,encaissée,2025-10-30
PRM01047,POL0074,CLT018,2025-11-22,2025-12-22,928,882,encaissée,2025-11-28
PRM01048,POL0074,CLT018,2025-12-22,2026-01-22,928,882,encaissée,2025-12-29
PRM01049,POL0074,CLT018,2026-01-22,2026-02-22,928,882,encaissée,2026-01-26
PRM01050,POL0074,CLT018,2026-02-22,2026-03-22,928,882,encaissée,2026-03-01
PRM01051,POL0074,CLT018,2026-03-22,2026-04-22,928,882,encaissée,2026-03-26
PRM01052,POL0074,CLT018,2026-04-22,2026-05-22,928,882,encaissée,2026-04-27
PRM01053,POL0075,CLT018,2024-07-19,2024-08-19,1117,1061,encaissée,2024-07-24
PRM01054,POL0075,CLT018,2024-08-19,2024-09-19,1117,1061,encaissée,2024-08-24
PRM01055,POL0075,CLT018,2024-09-19,2024-10-19,1117,1061,encaissée,2024-10-02
PRM01056,POL0075,CLT018,2024-10-19,2024-11-19,1117,1061,encaissée,2024-10-31
PRM01057,POL0075,CLT018,2024-11-19,2024-12-19,1117,1061,encaissée,2024-11-29
PRM01058,POL0075,CLT018,2024-12-19,2025-01-19,1117,1061,encaissée,2024-12-31
PRM01059,POL0075,CLT018,2025-01-19,2025-02-19,1117,1061,encaissée,2025-01-28
PRM01060,POL0075,CLT018,2025-02-19,2025-03-19,1117,1061,encaissée,2025-02-28
PRM01061,POL0075,CLT018,2025-03-19,2025-04-19,1117,1061,encaissée,2025-03-30
PRM01062,POL0075,CLT018,2025-04-19,2025-05-19,1117,1061,encaissée,2025-04-22
PRM01063,POL0075,CLT018,2025-05-19,2025-06-19,1117,1061,encaissée,2025-05-21
PRM01064,POL0075,CLT018,2025-06-19,2025-07-19,1117,1061,encaissée,2025-06-30
PRM01065,POL0075,CLT018,2025-07-19,2025-08-19,1117,1061,encaissée,2025-07-21
PRM01066,POL0075,CLT018,2025-08-19,2025-09-19,1117,1061,encaissée,2025-09-02
PRM01067,POL0075,CLT018,2025-09-19,2025-10-19,1117,1061,encaissée,2025-09-20
PRM01068,POL0075,CLT018,2025-10-19,2025-11-19,1117,1061,encaissée,2025-10-23
PRM01069,POL0075,CLT018,2025-11-19,2025-12-19,1117,1061,encaissée,2025-11-27
PRM01070,POL0075,CLT018,2025-12-19,2026-01-19,1117,1061,encaissée,2025-12-31
PRM01071,POL0075,CLT018,2026-01-19,2026-02-19,1117,1061,encaissée,2026-01-26
PRM01072,POL0075,CLT018,2026-02-19,2026-03-19,1117,1061,encaissée,2026-02-25
PRM01073,POL0075,CLT018,2026-03-19,2026-04-19,1117,1061,encaissée,2026-03-28
PRM01074,POL0075,CLT018,2026-04-19,2026-05-19,1117,1061,encaissée,2026-05-03
PRM01075,POL0076,CLT019,2024-07-29,2024-08-29,1042,990,encaissée,2024-08-13
PRM01076,POL0076,CLT019,2024-08-29,2024-09-29,1042,990,encaissée,2024-09-12
PRM01077,POL0076,CLT019,2024-09-29,2024-10-29,1042,990,encaissée,2024-10-05
PRM01078,POL0076,CLT019,2024-10-29,2024-11-29,1042,990,encaissée,2024-10-30
PRM01079,POL0076,CLT019,2024-11-29,2024-12-29,1042,990,encaissée,2024-12-11
PRM01080,POL0076,CLT019,2024-12-29,2025-01-29,1042,990,encaissée,2025-01-07
PRM01081,POL0076,CLT019,2025-01-29,2025-03-01,1042,990,encaissée,2025-02-12
PRM01082,POL0076,CLT019,2025-03-01,2025-04-01,1042,990,encaissée,2025-03-09
PRM01083,POL0076,CLT019,2025-03-29,2025-04-29,1042,990,encaissée,2025-04-10
PRM01084,POL0076,CLT019,2025-04-29,2025-05-29,1042,990,encaissée,2025-05-09
PRM01085,POL0076,CLT019,2025-05-29,2025-06-29,1042,990,encaissée,2025-06-11
PRM01086,POL0076,CLT019,2025-06-29,2025-07-29,1042,990,encaissée,2025-07-03
PRM01087,POL0076,CLT019,2025-07-29,2025-08-29,1042,990,encaissée,2025-08-06
PRM01088,POL0076,CLT019,2025-08-29,2025-09-29,1042,990,encaissée,2025-08-31
PRM01089,POL0076,CLT019,2025-09-29,2025-10-29,1042,990,encaissée,2025-10-06
PRM01090,POL0076,CLT019,2025-10-29,2025-11-29,1042,990,encaissée,2025-11-08
PRM01091,POL0076,CLT019,2025-11-29,2025-12-29,1042,990,encaissée,2025-12-14
PRM01092,POL0076,CLT019,2025-12-29,2026-01-29,1042,990,encaissée,2026-01-01
PRM01093,POL0076,CLT019,2026-01-29,2026-03-01,1042,990,encaissée,2026-02-07
PRM01094,POL0076,CLT019,2026-03-01,2026-04-01,1042,990,encaissée,2026-03-15
PRM01095,POL0076,CLT019,2026-03-29,2026-04-29,1042,990,encaissée,2026-04-13
PRM01096,POL0076,CLT019,2026-04-29,2026-05-29,1042,990,encaissée,2026-05-07
PRM01097,POL0077,CLT019,2024-09-27,2024-10-27,178,169,encaissée,2024-10-08
PRM01098,POL0077,CLT019,2024-10-27,2024-11-27,178,169,encaissée,2024-10-31
PRM01099,POL0077,CLT019,2024-11-27,2024-12-27,178,169,encaissée,2024-12-06
PRM01100,POL0077,CLT019,2024-12-27,2025-01-27,178,169,encaissée,2024-12-31
PRM01101,POL0077,CLT019,2025-01-27,2025-02-27,178,169,encaissée,2025-02-09
PRM01102,POL0077,CLT019,2025-02-27,2025-03-27,178,169,encaissée,2025-03-05
PRM01103,POL0077,CLT019,2025-03-27,2025-04-27,178,169,encaissée,2025-03-29
PRM01104,POL0077,CLT019,2025-04-27,2025-05-27,178,169,encaissée,2025-04-29
PRM01105,POL0077,CLT019,2025-05-27,2025-06-27,178,169,encaissée,2025-06-02
PRM01106,POL0077,CLT019,2025-06-27,2025-07-27,178,169,encaissée,2025-06-30
PRM01107,POL0077,CLT019,2025-07-27,2025-08-27,178,169,encaissée,2025-07-28
PRM01108,POL0077,CLT019,2025-08-27,2025-09-27,178,169,encaissée,2025-09-11
PRM01109,POL0077,CLT019,2025-09-27,2025-10-27,178,169,encaissée,2025-10-07
PRM01110,POL0077,CLT019,2025-10-27,2025-11-27,178,169,encaissée,2025-11-06
PRM01111,POL0077,CLT019,2025-11-27,2025-12-27,178,169,encaissée,2025-12-11
PRM01112,POL0077,CLT019,2025-12-27,2026-01-27,178,169,encaissée,2026-01-08
PRM01113,POL0077,CLT019,2026-01-27,2026-02-27,178,169,encaissée,2026-01-29
PRM01114,POL0077,CLT019,2026-02-27,2026-03-27,178,169,encaissée,2026-03-03
PRM01115,POL0077,CLT019,2026-03-27,2026-04-27,178,169,encaissée,2026-04-03
PRM01116,POL0077,CLT019,2026-04-27,2026-05-27,178,169,encaissée,2026-05-07
PRM01117,POL0078,CLT019,2025-05-29,2025-06-29,1465,1392,encaissée,2025-06-02
PRM01118,POL0078,CLT019,2025-06-29,2025-07-29,1465,1392,encaissée,2025-06-30
PRM01119,POL0078,CLT019,2025-07-29,2025-08-29,1465,1392,encaissée,2025-08-02
PRM01120,POL0078,CLT019,2025-08-29,2025-09-29,1465,1392,encaissée,2025-09-02
PRM01121,POL0078,CLT019,2025-09-29,2025-10-29,1465,1392,encaissée,2025-10-09
PRM01122,POL0078,CLT019,2025-10-29,2025-11-29,1465,1392,encaissée,2025-11-08
PRM01123,POL0078,CLT019,2025-11-29,2025-12-29,1465,1392,encaissée,2025-12-06
PRM01124,POL0078,CLT019,2025-12-29,2026-01-29,1465,1392,encaissée,2026-01-04
PRM01125,POL0078,CLT019,2026-01-29,2026-03-01,1465,1392,encaissée,2026-02-12
PRM01126,POL0078,CLT019,2026-03-01,2026-04-01,1465,1392,encaissée,2026-03-09
PRM01127,POL0078,CLT019,2026-03-29,2026-04-29,1465,1392,encaissée,2026-04-03
PRM01128,POL0078,CLT019,2026-04-29,2026-05-29,1465,1392,encaissée,2026-05-14
PRM01129,POL0079,CLT019,2026-03-25,2026-04-25,1359,1291,encaissée,2026-04-08
PRM01130,POL0079,CLT019,2026-04-25,2026-05-25,1359,1291,encaissée,2026-04-29
PRM01131,POL0080,CLT019,2026-02-08,2026-03-08,815,774,encaissée,2026-02-21
PRM01132,POL0080,CLT019,2026-03-08,2026-04-08,815,774,encaissée,2026-03-20
PRM01133,POL0080,CLT019,2026-04-08,2026-05-08,815,774,encaissée,2026-04-22
PRM01134,POL0081,CLT020,2026-03-23,2026-04-23,1719,1633,encaissée,2026-04-05
PRM01135,POL0081,CLT020,2026-04-23,2026-05-23,1719,1633,encaissée,2026-04-26
PRM01136,POL0082,CLT020,2024-05-02,2024-06-02,174,165,encaissée,2024-05-04
PRM01137,POL0082,CLT020,2024-06-02,2024-07-02,174,165,encaissée,2024-06-03
PRM01138,POL0082,CLT020,2024-07-02,2024-08-02,174,165,encaissée,2024-07-11
PRM01139,POL0082,CLT020,2024-08-02,2024-09-02,174,165,encaissée,2024-08-04
PRM01140,POL0082,CLT020,2024-09-02,2024-10-02,174,165,encaissée,2024-09-07
PRM01141,POL0082,CLT020,2024-10-02,2024-11-02,174,165,encaissée,2024-10-03
PRM01142,POL0082,CLT020,2024-11-02,2024-12-02,174,165,encaissée,2024-11-03
PRM01143,POL0082,CLT020,2024-12-02,2025-01-02,174,165,encaissée,2024-12-13
PRM01144,POL0082,CLT020,2025-01-02,2025-02-02,174,165,encaissée,2025-01-16
PRM01145,POL0082,CLT020,2025-02-02,2025-03-02,174,165,encaissée,2025-02-08
PRM01146,POL0082,CLT020,2025-03-02,2025-04-02,174,165,encaissée,2025-03-07
PRM01147,POL0082,CLT020,2025-04-02,2025-05-02,174,165,encaissée,2025-04-16
PRM01148,POL0082,CLT020,2025-05-02,2025-06-02,174,165,encaissée,2025-05-12
PRM01149,POL0082,CLT020,2025-06-02,2025-07-02,174,165,encaissée,2025-06-11
PRM01150,POL0082,CLT020,2025-07-02,2025-08-02,174,165,encaissée,2025-07-13
PRM01151,POL0082,CLT020,2025-08-02,2025-09-02,174,165,encaissée,2025-08-13
PRM01152,POL0082,CLT020,2025-09-02,2025-10-02,174,165,encaissée,2025-09-06
PRM01153,POL0082,CLT020,2025-10-02,2025-11-02,174,165,encaissée,2025-10-07
PRM01154,POL0082,CLT020,2025-11-02,2025-12-02,174,165,encaissée,2025-11-13
PRM01155,POL0082,CLT020,2025-12-02,2026-01-02,174,165,encaissée,2025-12-03
PRM01156,POL0082,CLT020,2026-01-02,2026-02-02,174,165,encaissée,2026-01-17
PRM01157,POL0082,CLT020,2026-02-02,2026-03-02,174,165,encaissée,2026-02-09
PRM01158,POL0082,CLT020,2026-03-02,2026-04-02,174,165,encaissée,2026-03-14
PRM01159,POL0082,CLT020,2026-04-02,2026-05-02,174,165,encaissée,2026-04-15
PRM01160,POL0083,CLT020,2025-12-10,2026-01-10,1912,1816,encaissée,2025-12-22
PRM01161,POL0083,CLT020,2026-01-10,2026-02-10,1912,1816,encaissée,2026-01-15
PRM01162,POL0083,CLT020,2026-02-10,2026-03-10,1912,1816,encaissée,2026-02-14
PRM01163,POL0083,CLT020,2026-03-10,2026-04-10,1912,1816,encaissée,2026-03-15
PRM01164,POL0083,CLT020,2026-04-10,2026-05-10,1912,1816,encaissée,2026-04-21
PRM01165,POL0084,CLT020,2026-01-13,2026-02-13,770,732,encaissée,2026-01-28
PRM01166,POL0084,CLT020,2026-02-13,2026-03-13,770,732,encaissée,2026-02-21
PRM01167,POL0084,CLT020,2026-03-13,2026-04-13,770,732,encaissée,2026-03-26
PRM01168,POL0084,CLT020,2026-04-13,2026-05-13,770,732,encaissée,2026-04-25
PRM01169,POL0085,CLT021,2024-12-20,2025-01-20,1127,1071,encaissée,2025-01-03
PRM01170,POL0085,CLT021,2025-01-20,2025-02-20,1127,1071,encaissée,2025-01-30
PRM01171,POL0085,CLT021,2025-02-20,2025-03-20,1127,1071,encaissée,2025-02-27
PRM01172,POL0085,CLT021,2025-03-20,2025-04-20,1127,1071,encaissée,2025-04-04
PRM01173,POL0085,CLT021,2025-04-20,2025-05-20,1127,1071,encaissée,2025-04-23
PRM01174,POL0085,CLT021,2025-05-20,2025-06-20,1127,1071,encaissée,2025-05-23
PRM01175,POL0085,CLT021,2025-06-20,2025-07-20,1127,1071,encaissée,2025-06-26
PRM01176,POL0085,CLT021,2025-07-20,2025-08-20,1127,1071,encaissée,2025-07-25
PRM01177,POL0085,CLT021,2025-08-20,2025-09-20,1127,1071,encaissée,2025-08-28
PRM01178,POL0085,CLT021,2025-09-20,2025-10-20,1127,1071,encaissée,2025-09-23
PRM01179,POL0085,CLT021,2025-10-20,2025-11-20,1127,1071,encaissée,2025-10-27
PRM01180,POL0085,CLT021,2025-11-20,2025-12-20,1127,1071,encaissée,2025-11-28
PRM01181,POL0085,CLT021,2025-12-20,2026-01-20,1127,1071,encaissée,2026-01-03
PRM01182,POL0085,CLT021,2026-01-20,2026-02-20,1127,1071,encaissée,2026-02-04
PRM01183,POL0085,CLT021,2026-02-20,2026-03-20,1127,1071,encaissée,2026-03-01
PRM01184,POL0085,CLT021,2026-03-20,2026-04-20,1127,1071,encaissée,2026-03-27
PRM01185,POL0085,CLT021,2026-04-20,2026-05-20,1127,1071,encaissée,2026-04-24
PRM01186,POL0086,CLT021,2026-02-23,2026-03-23,141,134,encaissée,2026-03-06
PRM01187,POL0086,CLT021,2026-03-23,2026-04-23,141,134,encaissée,2026-04-01
PRM01188,POL0086,CLT021,2026-04-23,2026-05-23,141,134,encaissée,2026-05-02
PRM01189,POL0087,CLT022,2025-07-27,2025-08-27,1208,1148,encaissée,2025-08-08
PRM01190,POL0087,CLT022,2025-08-27,2025-09-27,1208,1148,encaissée,2025-09-08
PRM01191,POL0087,CLT022,2025-09-27,2025-10-27,1208,1148,encaissée,2025-09-29
PRM01192,POL0087,CLT022,2025-10-27,2025-11-27,1208,1148,encaissée,2025-11-08
PRM01193,POL0087,CLT022,2025-11-27,2025-12-27,1208,1148,encaissée,2025-12-11
PRM01194,POL0087,CLT022,2025-12-27,2026-01-27,1208,1148,encaissée,2026-01-06
PRM01195,POL0087,CLT022,2026-01-27,2026-02-27,1208,1148,encaissée,2026-02-05
PRM01196,POL0087,CLT022,2026-02-27,2026-03-27,1208,1148,encaissée,2026-03-05
PRM01197,POL0087,CLT022,2026-03-27,2026-04-27,1208,1148,encaissée,2026-03-30
PRM01198,POL0087,CLT022,2026-04-27,2026-05-27,1208,1148,encaissée,2026-04-28
PRM01199,POL0088,CLT022,2026-02-04,2026-03-04,134,127,encaissée,2026-02-07
PRM01200,POL0088,CLT022,2026-03-04,2026-04-04,134,127,encaissée,2026-03-09
PRM01201,POL0088,CLT022,2026-04-04,2026-05-04,134,127,encaissée,2026-04-07
PRM01202,POL0089,CLT023,2026-03-12,2026-04-12,1450,1378,encaissée,2026-03-18
PRM01203,POL0089,CLT023,2026-04-12,2026-05-12,1450,1378,encaissée,2026-04-26
PRM01204,POL0090,CLT023,2025-04-30,2025-05-30,1607,1527,encaissée,2025-05-10
PRM01205,POL0090,CLT023,2025-05-30,2025-06-30,1607,1527,encaissée,2025-06-10
PRM01206,POL0090,CLT023,2025-06-30,2025-07-30,1607,1527,encaissée,2025-07-12
PRM01207,POL0090,CLT023,2025-07-30,2025-08-30,1607,1527,encaissée,2025-08-04
PRM01208,POL0090,CLT023,2025-08-30,2025-09-30,1607,1527,encaissée,2025-09-07
PRM01209,POL0090,CLT023,2025-09-30,2025-10-30,1607,1527,encaissée,2025-10-15
PRM01210,POL0090,CLT023,2025-10-30,2025-11-30,1607,1527,encaissée,2025-11-13
PRM01211,POL0090,CLT023,2025-11-30,2025-12-30,1607,1527,encaissée,2025-12-15
PRM01212,POL0090,CLT023,2025-12-30,2026-01-30,1607,1527,encaissée,2026-01-04
PRM01213,POL0090,CLT023,2026-01-30,2026-03-02,1607,1527,encaissée,2026-02-08
PRM01214,POL0090,CLT023,2026-03-02,2026-04-02,1607,1527,encaissée,2026-03-10
PRM01215,POL0090,CLT023,2026-03-30,2026-04-30,1607,1527,encaissée,2026-04-12
PRM01216,POL0090,CLT023,2026-04-30,2026-05-30,1607,1527,encaissée,2026-05-10
PRM01217,POL0091,CLT023,2024-12-06,2025-01-06,1003,953,encaissée,2024-12-18
PRM01218,POL0091,CLT023,2025-01-06,2025-02-06,1003,953,encaissée,2025-01-10
PRM01219,POL0091,CLT023,2025-02-06,2025-03-06,1003,953,encaissée,2025-02-17
PRM01220,POL0091,CLT023,2025-03-06,2025-04-06,1003,953,encaissée,2025-03-18
PRM01221,POL0091,CLT023,2025-04-06,2025-05-06,1003,953,encaissée,2025-04-14
PRM01222,POL0091,CLT023,2025-05-06,2025-06-06,1003,953,encaissée,2025-05-15
PRM01223,POL0091,CLT023,2025-06-06,2025-07-06,1003,953,encaissée,2025-06-09
PRM01224,POL0091,CLT023,2025-07-06,2025-08-06,1003,953,encaissée,2025-07-16
PRM01225,POL0091,CLT023,2025-08-06,2025-09-06,1003,953,encaissée,2025-08-21
PRM01226,POL0091,CLT023,2025-09-06,2025-10-06,1003,953,encaissée,2025-09-08
PRM01227,POL0091,CLT023,2025-10-06,2025-11-06,1003,953,encaissée,2025-10-18
PRM01228,POL0091,CLT023,2025-11-06,2025-12-06,1003,953,encaissée,2025-11-10
PRM01229,POL0091,CLT023,2025-12-06,2026-01-06,1003,953,encaissée,2025-12-21
PRM01230,POL0091,CLT023,2026-01-06,2026-02-06,1003,953,encaissée,2026-01-07
PRM01231,POL0091,CLT023,2026-02-06,2026-03-06,1003,953,encaissée,2026-02-19
PRM01232,POL0091,CLT023,2026-03-06,2026-04-06,1003,953,encaissée,2026-03-19
PRM01233,POL0091,CLT023,2026-04-06,2026-05-06,1003,953,encaissée,2026-04-20
PRM01234,POL0092,CLT024,2024-10-06,2024-11-06,153,145,encaissée,2024-10-15
PRM01235,POL0092,CLT024,2024-11-06,2024-12-06,153,145,encaissée,2024-11-12
PRM01236,POL0092,CLT024,2024-12-06,2025-01-06,153,145,encaissée,2024-12-08
PRM01237,POL0092,CLT024,2025-01-06,2025-02-06,153,145,encaissée,2025-01-07
PRM01238,POL0092,CLT024,2025-02-06,2025-03-06,153,145,encaissée,2025-02-18
PRM01239,POL0092,CLT024,2025-03-06,2025-04-06,153,145,encaissée,2025-03-11
PRM01240,POL0092,CLT024,2025-04-06,2025-05-06,153,145,encaissée,2025-04-07
PRM01241,POL0092,CLT024,2025-05-06,2025-06-06,153,145,encaissée,2025-05-09
PRM01242,POL0092,CLT024,2025-06-06,2025-07-06,153,145,encaissée,2025-06-14
PRM01243,POL0092,CLT024,2025-07-06,2025-08-06,153,145,encaissée,2025-07-21
PRM01244,POL0092,CLT024,2025-08-06,2025-09-06,153,145,encaissée,2025-08-11
PRM01245,POL0092,CLT024,2025-09-06,2025-10-06,153,145,encaissée,2025-09-17
PRM01246,POL0092,CLT024,2025-10-06,2025-11-06,153,145,encaissée,2025-10-17
PRM01247,POL0092,CLT024,2025-11-06,2025-12-06,153,145,encaissée,2025-11-17
PRM01248,POL0092,CLT024,2025-12-06,2026-01-06,153,145,encaissée,2025-12-15
PRM01249,POL0092,CLT024,2026-01-06,2026-02-06,153,145,encaissée,2026-01-12
PRM01250,POL0092,CLT024,2026-02-06,2026-03-06,153,145,encaissée,2026-02-20
PRM01251,POL0092,CLT024,2026-03-06,2026-04-06,153,145,encaissée,2026-03-17
PRM01252,POL0092,CLT024,2026-04-06,2026-05-06,153,145,encaissée,2026-04-17
PRM01253,POL0093,CLT024,2025-06-18,2025-07-18,1128,1072,encaissée,2025-06-19
PRM01254,POL0093,CLT024,2025-07-18,2025-08-18,1128,1072,encaissée,2025-07-30
PRM01255,POL0093,CLT024,2025-08-18,2025-09-18,1128,1072,encaissée,2025-08-30
PRM01256,POL0093,CLT024,2025-09-18,2025-10-18,1128,1072,encaissée,2025-09-22
PRM01257,POL0093,CLT024,2025-10-18,2025-11-18,1128,1072,encaissée,2025-10-22
PRM01258,POL0093,CLT024,2025-11-18,2025-12-18,1128,1072,encaissée,2025-11-26
PRM01259,POL0093,CLT024,2025-12-18,2026-01-18,1128,1072,encaissée,2025-12-28
PRM01260,POL0093,CLT024,2026-01-18,2026-02-18,1128,1072,encaissée,2026-01-22
PRM01261,POL0093,CLT024,2026-02-18,2026-03-18,1128,1072,encaissée,2026-03-02
PRM01262,POL0093,CLT024,2026-03-18,2026-04-18,1128,1072,encaissée,2026-03-25
PRM01263,POL0093,CLT024,2026-04-18,2026-05-18,1128,1072,encaissée,2026-04-26
PRM01264,POL0094,CLT024,2025-09-09,2025-10-09,864,821,encaissée,2025-09-11
PRM01265,POL0094,CLT024,2025-10-09,2025-11-09,864,821,encaissée,2025-10-10
PRM01266,POL0094,CLT024,2025-11-09,2025-12-09,864,821,encaissée,2025-11-22
PRM01267,POL0094,CLT024,2025-12-09,2026-01-09,864,821,encaissée,2025-12-22
PRM01268,POL0094,CLT024,2026-01-09,2026-02-09,864,821,encaissée,2026-01-11
PRM01269,POL0094,CLT024,2026-02-09,2026-03-09,864,821,encaissée,2026-02-19
PRM01270,POL0094,CLT024,2026-03-09,2026-04-09,864,821,encaissée,2026-03-13
PRM01271,POL0094,CLT024,2026-04-09,2026-05-09,864,821,encaissée,2026-04-14
PRM01272,POL0095,CLT024,2025-03-17,2025-04-17,2001,1901,encaissée,2025-03-30
PRM01273,POL0095,CLT024,2025-04-17,2025-05-17,2001,1901,encaissée,2025-04-29
PRM01274,POL0095,CLT024,2025-05-17,2025-06-17,2001,1901,encaissée,2025-05-22
PRM01275,POL0095,CLT024,2025-06-17,2025-07-17,2001,1901,encaissée,2025-06-18
PRM01276,POL0095,CLT024,2025-07-17,2025-08-17,2001,1901,encaissée,2025-08-01
PRM01277,POL0095,CLT024,2025-08-17,2025-09-17,2001,1901,encaissée,2025-08-21
PRM01278,POL0095,CLT024,2025-09-17,2025-10-17,2001,1901,encaissée,2025-09-20
PRM01279,POL0095,CLT024,2025-10-17,2025-11-17,2001,1901,encaissée,2025-10-22
PRM01280,POL0095,CLT024,2025-11-17,2025-12-17,2001,1901,encaissée,2025-12-02
PRM01281,POL0095,CLT024,2025-12-17,2026-01-17,2001,1901,encaissée,2025-12-27
PRM01282,POL0095,CLT024,2026-01-17,2026-02-17,2001,1901,encaissée,2026-01-28
PRM01283,POL0095,CLT024,2026-02-17,2026-03-17,2001,1901,encaissée,2026-02-27
PRM01284,POL0095,CLT024,2026-03-17,2026-04-17,2001,1901,encaissée,2026-03-27
PRM01285,POL0095,CLT024,2026-04-17,2026-05-17,2001,1901,encaissée,2026-04-30
PRM01286,POL0096,CLT025,2024-09-15,2024-10-15,1198,1138,encaissée,2024-09-25
PRM01287,POL0096,CLT025,2024-10-15,2024-11-15,1198,1138,encaissée,2024-10-30
PRM01288,POL0096,CLT025,2024-11-15,2024-12-15,1198,1138,encaissée,2024-11-18
PRM01289,POL0096,CLT025,2024-12-15,2025-01-15,1198,1138,encaissée,2024-12-28
PRM01290,POL0096,CLT025,2025-01-15,2025-02-15,1198,1138,encaissée,2025-01-28
PRM01291,POL0096,CLT025,2025-02-15,2025-03-15,1198,1138,encaissée,2025-02-24
PRM01292,POL0096,CLT025,2025-03-15,2025-04-15,1198,1138,encaissée,2025-03-30
PRM01293,POL0096,CLT025,2025-04-15,2025-05-15,1198,1138,encaissée,2025-04-27
PRM01294,POL0096,CLT025,2025-05-15,2025-06-15,1198,1138,encaissée,2025-05-29
PRM01295,POL0096,CLT025,2025-06-15,2025-07-15,1198,1138,encaissée,2025-06-19
PRM01296,POL0096,CLT025,2025-07-15,2025-08-15,1198,1138,encaissée,2025-07-20
PRM01297,POL0096,CLT025,2025-08-15,2025-09-15,1198,1138,encaissée,2025-08-19
PRM01298,POL0096,CLT025,2025-09-15,2025-10-15,1198,1138,encaissée,2025-09-16
PRM01299,POL0096,CLT025,2025-10-15,2025-11-15,1198,1138,encaissée,2025-10-19
PRM01300,POL0096,CLT025,2025-11-15,2025-12-15,1198,1138,encaissée,2025-11-29
PRM01301,POL0096,CLT025,2025-12-15,2026-01-15,1198,1138,encaissée,2025-12-20
PRM01302,POL0096,CLT025,2026-01-15,2026-02-15,1198,1138,encaissée,2026-01-25
PRM01303,POL0096,CLT025,2026-02-15,2026-03-15,1198,1138,encaissée,2026-03-02
PRM01304,POL0096,CLT025,2026-03-15,2026-04-15,1198,1138,encaissée,2026-03-18
PRM01305,POL0096,CLT025,2026-04-15,2026-05-15,1198,1138,encaissée,2026-04-20
PRM01306,POL0097,CLT025,2025-05-23,2025-06-23,1205,1145,encaissée,2025-05-25
PRM01307,POL0097,CLT025,2025-06-23,2025-07-23,1205,1145,encaissée,2025-07-02
PRM01308,POL0097,CLT025,2025-07-23,2025-08-23,1205,1145,encaissée,2025-07-29
PRM01309,POL0097,CLT025,2025-08-23,2025-09-23,1205,1145,encaissée,2025-09-03
PRM01310,POL0097,CLT025,2025-09-23,2025-10-23,1205,1145,encaissée,2025-10-02
PRM01311,POL0097,CLT025,2025-10-23,2025-11-23,1205,1145,encaissée,2025-10-26
PRM01312,POL0097,CLT025,2025-11-23,2025-12-23,1205,1145,encaissée,2025-12-02
PRM01313,POL0097,CLT025,2025-12-23,2026-01-23,1205,1145,encaissée,2025-12-24
PRM01314,POL0097,CLT025,2026-01-23,2026-02-23,1205,1145,encaissée,2026-01-30
PRM01315,POL0097,CLT025,2026-02-23,2026-03-23,1205,1145,encaissée,2026-02-25
PRM01316,POL0097,CLT025,2026-03-23,2026-04-23,1205,1145,encaissée,2026-03-31
PRM01317,POL0097,CLT025,2026-04-23,2026-05-23,1205,1145,encaissée,2026-05-01
PRM01318,POL0098,CLT025,2024-05-28,2024-06-28,1997,1897,encaissée,2024-06-04
PRM01319,POL0098,CLT025,2024-06-28,2024-07-28,1997,1897,encaissée,2024-07-01
PRM01320,POL0098,CLT025,2024-07-28,2024-08-28,1997,1897,encaissée,2024-08-07
PRM01321,POL0098,CLT025,2024-08-28,2024-09-28,1997,1897,encaissée,2024-08-31
PRM01322,POL0098,CLT025,2024-09-28,2024-10-28,1997,1897,encaissée,2024-10-08
PRM01323,POL0098,CLT025,2024-10-28,2024-11-28,1997,1897,encaissée,2024-11-05
PRM01324,POL0098,CLT025,2024-11-28,2024-12-28,1997,1897,encaissée,2024-12-07
PRM01325,POL0098,CLT025,2024-12-28,2025-01-28,1997,1897,encaissée,2025-01-02
PRM01326,POL0098,CLT025,2025-01-28,2025-02-28,1997,1897,encaissée,2025-01-31
PRM01327,POL0098,CLT025,2025-02-28,2025-03-28,1997,1897,encaissée,2025-03-06
PRM01328,POL0098,CLT025,2025-03-28,2025-04-28,1997,1897,encaissée,2025-04-02
PRM01329,POL0098,CLT025,2025-04-28,2025-05-28,1997,1897,encaissée,2025-04-30
PRM01330,POL0098,CLT025,2025-05-28,2025-06-28,1997,1897,encaissée,2025-06-08
PRM01331,POL0098,CLT025,2025-06-28,2025-07-28,1997,1897,encaissée,2025-06-29
PRM01332,POL0098,CLT025,2025-07-28,2025-08-28,1997,1897,encaissée,2025-07-30
PRM01333,POL0098,CLT025,2025-08-28,2025-09-28,1997,1897,encaissée,2025-08-30
PRM01334,POL0098,CLT025,2025-09-28,2025-10-28,1997,1897,encaissée,2025-10-05
PRM01335,POL0098,CLT025,2025-10-28,2025-11-28,1997,1897,encaissée,2025-11-01
PRM01336,POL0098,CLT025,2025-11-28,2025-12-28,1997,1897,encaissée,2025-12-11
PRM01337,POL0098,CLT025,2025-12-28,2026-01-28,1997,1897,encaissée,2026-01-07
PRM01338,POL0098,CLT025,2026-01-28,2026-02-28,1997,1897,encaissée,2026-02-12
PRM01339,POL0098,CLT025,2026-02-28,2026-03-28,1997,1897,encaissée,2026-03-03
PRM01340,POL0098,CLT025,2026-03-28,2026-04-28,1997,1897,annulée,
PRM01341,POL0098,CLT025,2026-04-28,2026-05-28,1997,1897,encaissée,2026-05-05
PRM01342,POL0099,CLT025,2025-01-01,2025-02-01,2079,1975,encaissée,2025-01-16
PRM01343,POL0099,CLT025,2025-02-01,2025-03-01,2079,1975,encaissée,2025-02-06
PRM01344,POL0099,CLT025,2025-03-01,2025-04-01,2079,1975,encaissée,2025-03-16
PRM01345,POL0099,CLT025,2025-04-01,2025-05-01,2079,1975,encaissée,2025-04-11
PRM01346,POL0099,CLT025,2025-05-01,2025-06-01,2079,1975,encaissée,2025-05-08
PRM01347,POL0099,CLT025,2025-06-01,2025-07-01,2079,1975,encaissée,2025-06-13
PRM01348,POL0099,CLT025,2025-07-01,2025-08-01,2079,1975,encaissée,2025-07-15
PRM01349,POL0099,CLT025,2025-08-01,2025-09-01,2079,1975,encaissée,2025-08-14
PRM01350,POL0099,CLT025,2025-09-01,2025-10-01,2079,1975,encaissée,2025-09-09
PRM01351,POL0099,CLT025,2025-10-01,2025-11-01,2079,1975,encaissée,2025-10-12
PRM01352,POL0099,CLT025,2025-11-01,2025-12-01,2079,1975,encaissée,2025-11-09
PRM01353,POL0099,CLT025,2025-12-01,2026-01-01,2079,1975,encaissée,2025-12-08
PRM01354,POL0099,CLT025,2026-01-01,2026-02-01,2079,1975,encaissée,2026-01-11
PRM01355,POL0099,CLT025,2026-02-01,2026-03-01,2079,1975,encaissée,2026-02-13
PRM01356,POL0099,CLT025,2026-03-01,2026-04-01,2079,1975,encaissée,2026-03-05
PRM01357,POL0099,CLT025,2026-04-01,2026-05-01,2079,1975,encaissée,2026-04-04
PRM01358,POL0099,CLT025,2026-05-01,2026-06-01,2079,1975,encaissée,2026-05-10
PRM01359,POL0100,CLT025,2026-02-04,2026-03-04,1714,1628,encaissée,2026-02-14
PRM01360,POL0100,CLT025,2026-03-04,2026-04-04,1714,1628,encaissée,2026-03-15
PRM01361,POL0100,CLT025,2026-04-04,2026-05-04,1714,1628,encaissée,2026-04-15
PRM01362,POL0101,CLT025,2026-02-25,2026-03-25,890,846,encaissée,2026-02-27
PRM01363,POL0101,CLT025,2026-03-25,2026-04-25,890,846,encaissée,2026-04-04
PRM01364,POL0101,CLT025,2026-04-25,2026-05-25,890,846,encaissée,2026-04-30
PRM01365,POL0102,CLT026,2026-03-09,2026-04-09,800,760,encaissée,2026-03-10
PRM01366,POL0102,CLT026,2026-04-09,2026-05-09,800,760,encaissée,2026-04-24
PRM01367,POL0103,CLT026,2024-08-14,2024-09-14,1961,1863,encaissée,2024-08-28
PRM01368,POL0103,CLT026,2024-09-14,2024-10-14,1961,1863,encaissée,2024-09-15
PRM01369,POL0103,CLT026,2024-10-14,2024-11-14,1961,1863,encaissée,2024-10-24
PRM01370,POL0103,CLT026,2024-11-14,2024-12-14,1961,1863,encaissée,2024-11-27
PRM01371,POL0103,CLT026,2024-12-14,2025-01-14,1961,1863,encaissée,2024-12-20
PRM01372,POL0103,CLT026,2025-01-14,2025-02-14,1961,1863,encaissée,2025-01-21
PRM01373,POL0103,CLT026,2025-02-14,2025-03-14,1961,1863,encaissée,2025-02-21
PRM01374,POL0103,CLT026,2025-03-14,2025-04-14,1961,1863,encaissée,2025-03-20
PRM01375,POL0103,CLT026,2025-04-14,2025-05-14,1961,1863,encaissée,2025-04-28
PRM01376,POL0103,CLT026,2025-05-14,2025-06-14,1961,1863,encaissée,2025-05-16
PRM01377,POL0103,CLT026,2025-06-14,2025-07-14,1961,1863,encaissée,2025-06-15
PRM01378,POL0103,CLT026,2025-07-14,2025-08-14,1961,1863,encaissée,2025-07-15
PRM01379,POL0103,CLT026,2025-08-14,2025-09-14,1961,1863,encaissée,2025-08-22
PRM01380,POL0103,CLT026,2025-09-14,2025-10-14,1961,1863,encaissée,2025-09-16
PRM01381,POL0103,CLT026,2025-10-14,2025-11-14,1961,1863,encaissée,2025-10-22
PRM01382,POL0103,CLT026,2025-11-14,2025-12-14,1961,1863,encaissée,2025-11-25
PRM01383,POL0103,CLT026,2025-12-14,2026-01-14,1961,1863,encaissée,2025-12-27
PRM01384,POL0103,CLT026,2026-01-14,2026-02-14,1961,1863,encaissée,2026-01-27
PRM01385,POL0103,CLT026,2026-02-14,2026-03-14,1961,1863,encaissée,2026-02-26
PRM01386,POL0103,CLT026,2026-03-14,2026-04-14,1961,1863,encaissée,2026-03-17
PRM01387,POL0103,CLT026,2026-04-14,2026-05-14,1961,1863,encaissée,2026-04-23
PRM01388,POL0104,CLT027,2024-12-12,2025-01-12,1145,1088,encaissée,2024-12-27
PRM01389,POL0104,CLT027,2025-01-12,2025-02-12,1145,1088,encaissée,2025-01-25
PRM01390,POL0104,CLT027,2025-02-12,2025-03-12,1145,1088,encaissée,2025-02-19
PRM01391,POL0104,CLT027,2025-03-12,2025-04-12,1145,1088,encaissée,2025-03-20
PRM01392,POL0104,CLT027,2025-04-12,2025-05-12,1145,1088,encaissée,2025-04-21
PRM01393,POL0104,CLT027,2025-05-12,2025-06-12,1145,1088,encaissée,2025-05-13
PRM01394,POL0104,CLT027,2025-06-12,2025-07-12,1145,1088,encaissée,2025-06-23
PRM01395,POL0104,CLT027,2025-07-12,2025-08-12,1145,1088,encaissée,2025-07-22
PRM01396,POL0104,CLT027,2025-08-12,2025-09-12,1145,1088,encaissée,2025-08-22
PRM01397,POL0104,CLT027,2025-09-12,2025-10-12,1145,1088,encaissée,2025-09-16
PRM01398,POL0104,CLT027,2025-10-12,2025-11-12,1145,1088,encaissée,2025-10-25
PRM01399,POL0104,CLT027,2025-11-12,2025-12-12,1145,1088,encaissée,2025-11-27
PRM01400,POL0104,CLT027,2025-12-12,2026-01-12,1145,1088,encaissée,2025-12-22
PRM01401,POL0104,CLT027,2026-01-12,2026-02-12,1145,1088,encaissée,2026-01-14
PRM01402,POL0104,CLT027,2026-02-12,2026-03-12,1145,1088,encaissée,2026-02-22
PRM01403,POL0104,CLT027,2026-03-12,2026-04-12,1145,1088,encaissée,2026-03-16
PRM01404,POL0104,CLT027,2026-04-12,2026-05-12,1145,1088,encaissée,2026-04-18
PRM01405,POL0105,CLT027,2024-05-17,2024-06-17,1087,1033,encaissée,2024-05-26
PRM01406,POL0105,CLT027,2024-06-17,2024-07-17,1087,1033,encaissée,2024-06-29
PRM01407,POL0105,CLT027,2024-07-17,2024-08-17,1087,1033,encaissée,2024-07-27
PRM01408,POL0105,CLT027,2024-08-17,2024-09-17,1087,1033,encaissée,2024-08-25
PRM01409,POL0105,CLT027,2024-09-17,2024-10-17,1087,1033,encaissée,2024-09-25
PRM01410,POL0105,CLT027,2024-10-17,2024-11-17,1087,1033,encaissée,2024-10-25
PRM01411,POL0105,CLT027,2024-11-17,2024-12-17,1087,1033,encaissée,2024-11-28
PRM01412,POL0105,CLT027,2024-12-17,2025-01-17,1087,1033,encaissée,2024-12-21
PRM01413,POL0105,CLT027,2025-01-17,2025-02-17,1087,1033,encaissée,2025-01-21
PRM01414,POL0105,CLT027,2025-02-17,2025-03-17,1087,1033,encaissée,2025-02-22
PRM01415,POL0105,CLT027,2025-03-17,2025-04-17,1087,1033,encaissée,2025-03-24
PRM01416,POL0105,CLT027,2025-04-17,2025-05-17,1087,1033,encaissée,2025-05-02
PRM01417,POL0105,CLT027,2025-05-17,2025-06-17,1087,1033,encaissée,2025-05-20
PRM01418,POL0105,CLT027,2025-06-17,2025-07-17,1087,1033,encaissée,2025-06-18
PRM01419,POL0105,CLT027,2025-07-17,2025-08-17,1087,1033,encaissée,2025-07-22
PRM01420,POL0105,CLT027,2025-08-17,2025-09-17,1087,1033,encaissée,2025-08-20
PRM01421,POL0105,CLT027,2025-09-17,2025-10-17,1087,1033,encaissée,2025-09-30
PRM01422,POL0105,CLT027,2025-10-17,2025-11-17,1087,1033,encaissée,2025-10-18
PRM01423,POL0105,CLT027,2025-11-17,2025-12-17,1087,1033,encaissée,2025-11-22
PRM01424,POL0105,CLT027,2025-12-17,2026-01-17,1087,1033,encaissée,2025-12-25
PRM01425,POL0105,CLT027,2026-01-17,2026-02-17,1087,1033,encaissée,2026-01-20
PRM01426,POL0105,CLT027,2026-02-17,2026-03-17,1087,1033,encaissée,2026-02-18
PRM01427,POL0105,CLT027,2026-03-17,2026-04-17,1087,1033,encaissée,2026-03-20
PRM01428,POL0105,CLT027,2026-04-17,2026-05-17,1087,1033,annulée,
PRM01429,POL0106,CLT028,2024-12-15,2025-01-15,376,357,encaissée,2024-12-17
PRM01430,POL0106,CLT028,2025-01-15,2025-02-15,376,357,encaissée,2025-01-19
PRM01431,POL0106,CLT028,2025-02-15,2025-03-15,376,357,encaissée,2025-02-18
PRM01432,POL0106,CLT028,2025-03-15,2025-04-15,376,357,encaissée,2025-03-19
PRM01433,POL0106,CLT028,2025-04-15,2025-05-15,376,357,encaissée,2025-04-26
PRM01434,POL0106,CLT028,2025-05-15,2025-06-15,376,357,encaissée,2025-05-25
PRM01435,POL0106,CLT028,2025-06-15,2025-07-15,376,357,encaissée,2025-06-23
PRM01436,POL0106,CLT028,2025-07-15,2025-08-15,376,357,encaissée,2025-07-23
PRM01437,POL0106,CLT028,2025-08-15,2025-09-15,376,357,encaissée,2025-08-18
PRM01438,POL0106,CLT028,2025-09-15,2025-10-15,376,357,encaissée,2025-09-27
PRM01439,POL0106,CLT028,2025-10-15,2025-11-15,376,357,encaissée,2025-10-25
PRM01440,POL0106,CLT028,2025-11-15,2025-12-15,376,357,encaissée,2025-11-30
PRM01441,POL0106,CLT028,2025-12-15,2026-01-15,376,357,encaissée,2025-12-20
PRM01442,POL0106,CLT028,2026-01-15,2026-02-15,376,357,encaissée,2026-01-18
PRM01443,POL0106,CLT028,2026-02-15,2026-03-15,376,357,encaissée,2026-03-01
PRM01444,POL0106,CLT028,2026-03-15,2026-04-15,376,357,encaissée,2026-03-25
PRM01445,POL0106,CLT028,2026-04-15,2026-05-15,376,357,encaissée,2026-04-26
PRM01446,POL0107,CLT028,2025-04-25,2025-05-25,1972,1873,encaissée,2025-05-08
PRM01447,POL0107,CLT028,2025-05-25,2025-06-25,1972,1873,encaissée,2025-05-27
PRM01448,POL0107,CLT028,2025-06-25,2025-07-25,1972,1873,encaissée,2025-07-10
PRM01449,POL0107,CLT028,2025-07-25,2025-08-25,1972,1873,encaissée,2025-07-30
PRM01450,POL0107,CLT028,2025-08-25,2025-09-25,1972,1873,encaissée,2025-09-09
PRM01451,POL0107,CLT028,2025-09-25,2025-10-25,1972,1873,encaissée,2025-10-07
PRM01452,POL0107,CLT028,2025-10-25,2025-11-25,1972,1873,encaissée,2025-10-27
PRM01453,POL0107,CLT028,2025-11-25,2025-12-25,1972,1873,encaissée,2025-12-07
PRM01454,POL0107,CLT028,2025-12-25,2026-01-25,1972,1873,encaissée,2025-12-26
PRM01455,POL0107,CLT028,2026-01-25,2026-02-25,1972,1873,encaissée,2026-01-31
PRM01456,POL0107,CLT028,2026-02-25,2026-03-25,1972,1873,encaissée,2026-02-26
PRM01457,POL0107,CLT028,2026-03-25,2026-04-25,1972,1873,encaissée,2026-04-04
PRM01458,POL0107,CLT028,2026-04-25,2026-05-25,1972,1873,encaissée,2026-04-26
PRM01459,POL0108,CLT028,2025-05-27,2025-06-27,723,687,encaissée,2025-05-31
PRM01460,POL0108,CLT028,2025-06-27,2025-07-27,723,687,encaissée,2025-06-29
PRM01461,POL0108,CLT028,2025-07-27,2025-08-27,723,687,encaissée,2025-08-08
PRM01462,POL0108,CLT028,2025-08-27,2025-09-27,723,687,encaissée,2025-09-05
PRM01463,POL0108,CLT028,2025-09-27,2025-10-27,723,687,encaissée,2025-10-12
PRM01464,POL0108,CLT028,2025-10-27,2025-11-27,723,687,encaissée,2025-11-06
PRM01465,POL0108,CLT028,2025-11-27,2025-12-27,723,687,encaissée,2025-12-04
PRM01466,POL0108,CLT028,2025-12-27,2026-01-27,723,687,encaissée,2026-01-10
PRM01467,POL0108,CLT028,2026-01-27,2026-02-27,723,687,encaissée,2026-02-02
PRM01468,POL0108,CLT028,2026-02-27,2026-03-27,723,687,encaissée,2026-03-05
PRM01469,POL0108,CLT028,2026-03-27,2026-04-27,723,687,encaissée,2026-04-09
PRM01470,POL0108,CLT028,2026-04-27,2026-05-27,723,687,encaissée,2026-04-29
PRM01471,POL0109,CLT028,2024-08-06,2024-09-06,712,676,encaissée,2024-08-16
PRM01472,POL0109,CLT028,2024-09-06,2024-10-06,712,676,encaissée,2024-09-21
PRM01473,POL0109,CLT028,2024-10-06,2024-11-06,712,676,encaissée,2024-10-21
PRM01474,POL0109,CLT028,2024-11-06,2024-12-06,712,676,encaissée,2024-11-12
PRM01475,POL0109,CLT028,2024-12-06,2025-01-06,712,676,encaissée,2024-12-20
PRM01476,POL0109,CLT028,2025-01-06,2025-02-06,712,676,encaissée,2025-01-11
PRM01477,POL0109,CLT028,2025-02-06,2025-03-06,712,676,encaissée,2025-02-10
PRM01478,POL0109,CLT028,2025-03-06,2025-04-06,712,676,encaissée,2025-03-10
PRM01479,POL0109,CLT028,2025-04-06,2025-05-06,712,676,encaissée,2025-04-07
PRM01480,POL0109,CLT028,2025-05-06,2025-06-06,712,676,encaissée,2025-05-21
PRM01481,POL0109,CLT028,2025-06-06,2025-07-06,712,676,encaissée,2025-06-12
PRM01482,POL0109,CLT028,2025-07-06,2025-08-06,712,676,encaissée,2025-07-19
PRM01483,POL0109,CLT028,2025-08-06,2025-09-06,712,676,encaissée,2025-08-08
PRM01484,POL0109,CLT028,2025-09-06,2025-10-06,712,676,encaissée,2025-09-08
PRM01485,POL0109,CLT028,2025-10-06,2025-11-06,712,676,encaissée,2025-10-08
PRM01486,POL0109,CLT028,2025-11-06,2025-12-06,712,676,encaissée,2025-11-08
PRM01487,POL0109,CLT028,2025-12-06,2026-01-06,712,676,encaissée,2025-12-08
PRM01488,POL0109,CLT028,2026-01-06,2026-02-06,712,676,encaissée,2026-01-11
PRM01489,POL0109,CLT028,2026-02-06,2026-03-06,712,676,encaissée,2026-02-11
PRM01490,POL0109,CLT028,2026-03-06,2026-04-06,712,676,encaissée,2026-03-17
PRM01491,POL0109,CLT028,2026-04-06,2026-05-06,712,676,encaissée,2026-04-19
PRM01492,POL0110,CLT028,2025-07-08,2025-08-08,1413,1342,encaissée,2025-07-18
PRM01493,POL0110,CLT028,2025-08-08,2025-09-08,1413,1342,encaissée,2025-08-13
PRM01494,POL0110,CLT028,2025-09-08,2025-10-08,1413,1342,encaissée,2025-09-12
PRM01495,POL0110,CLT028,2025-10-08,2025-11-08,1413,1342,encaissée,2025-10-18
PRM01496,POL0110,CLT028,2025-11-08,2025-12-08,1413,1342,encaissée,2025-11-17
PRM01497,POL0110,CLT028,2025-12-08,2026-01-08,1413,1342,encaissée,2025-12-17
PRM01498,POL0110,CLT028,2026-01-08,2026-02-08,1413,1342,encaissée,2026-01-23
PRM01499,POL0110,CLT028,2026-02-08,2026-03-08,1413,1342,encaissée,2026-02-12
PRM01500,POL0110,CLT028,2026-03-08,2026-04-08,1413,1342,encaissée,2026-03-22
PRM01501,POL0110,CLT028,2026-04-08,2026-05-08,1413,1342,encaissée,2026-04-21
PRM01502,POL0111,CLT029,2026-01-03,2026-02-03,691,656,encaissée,2026-01-04
PRM01503,POL0111,CLT029,2026-02-03,2026-03-03,691,656,encaissée,2026-02-07
PRM01504,POL0111,CLT029,2026-03-03,2026-04-03,691,656,encaissée,2026-03-16
PRM01505,POL0111,CLT029,2026-04-03,2026-05-03,691,656,encaissée,2026-04-13
PRM01506,POL0112,CLT029,2026-03-08,2026-04-08,1485,1411,encaissée,2026-03-14
PRM01507,POL0112,CLT029,2026-04-08,2026-05-08,1485,1411,encaissée,2026-04-15
PRM01508,POL0113,CLT030,2024-08-17,2024-09-17,1261,1198,encaissée,2024-08-25
PRM01509,POL0113,CLT030,2024-09-17,2024-10-17,1261,1198,encaissée,2024-09-26
PRM01510,POL0113,CLT030,2024-10-17,2024-11-17,1261,1198,encaissée,2024-10-28
PRM01511,POL0113,CLT030,2024-11-17,2024-12-17,1261,1198,encaissée,2024-11-21
PRM01512,POL0113,CLT030,2024-12-17,2025-01-17,1261,1198,encaissée,2024-12-22
PRM01513,POL0113,CLT030,2025-01-17,2025-02-17,1261,1198,encaissée,2025-02-01
PRM01514,POL0113,CLT030,2025-02-17,2025-03-17,1261,1198,encaissée,2025-02-25
PRM01515,POL0113,CLT030,2025-03-17,2025-04-17,1261,1198,encaissée,2025-03-22
PRM01516,POL0113,CLT030,2025-04-17,2025-05-17,1261,1198,encaissée,2025-04-27
PRM01517,POL0113,CLT030,2025-05-17,2025-06-17,1261,1198,encaissée,2025-05-25
PRM01518,POL0113,CLT030,2025-06-17,2025-07-17,1261,1198,encaissée,2025-06-28
PRM01519,POL0113,CLT030,2025-07-17,2025-08-17,1261,1198,encaissée,2025-07-23
PRM01520,POL0113,CLT030,2025-08-17,2025-09-17,1261,1198,encaissée,2025-08-22
PRM01521,POL0113,CLT030,2025-09-17,2025-10-17,1261,1198,encaissée,2025-09-28
PRM01522,POL0113,CLT030,2025-10-17,2025-11-17,1261,1198,encaissée,2025-11-01
PRM01523,POL0113,CLT030,2025-11-17,2025-12-17,1261,1198,encaissée,2025-11-30
PRM01524,POL0113,CLT030,2025-12-17,2026-01-17,1261,1198,encaissée,2025-12-24
PRM01525,POL0113,CLT030,2026-01-17,2026-02-17,1261,1198,encaissée,2026-02-01
PRM01526,POL0113,CLT030,2026-02-17,2026-03-17,1261,1198,encaissée,2026-02-18
PRM01527,POL0113,CLT030,2026-03-17,2026-04-17,1261,1198,encaissée,2026-03-30
PRM01528,POL0113,CLT030,2026-04-17,2026-05-17,1261,1198,encaissée,2026-04-20
PRM01529,POL0114,CLT030,2025-06-12,2025-07-12,708,673,encaissée,2025-06-27
PRM01530,POL0114,CLT030,2025-07-12,2025-08-12,708,673,encaissée,2025-07-27
PRM01531,POL0114,CLT030,2025-08-12,2025-09-12,708,673,encaissée,2025-08-13
PRM01532,POL0114,CLT030,2025-09-12,2025-10-12,708,673,encaissée,2025-09-20
PRM01533,POL0114,CLT030,2025-10-12,2025-11-12,708,673,encaissée,2025-10-16
PRM01534,POL0114,CLT030,2025-11-12,2025-12-12,708,673,encaissée,2025-11-14
PRM01535,POL0114,CLT030,2025-12-12,2026-01-12,708,673,encaissée,2025-12-27
PRM01536,POL0114,CLT030,2026-01-12,2026-02-12,708,673,encaissée,2026-01-21
PRM01537,POL0114,CLT030,2026-02-12,2026-03-12,708,673,encaissée,2026-02-19
PRM01538,POL0114,CLT030,2026-03-12,2026-04-12,708,673,encaissée,2026-03-21
PRM01539,POL0114,CLT030,2026-04-12,2026-05-12,708,673,encaissée,2026-04-17
PRM01540,POL0115,CLT031,2024-08-08,2024-09-08,556,528,encaissée,2024-08-22
PRM01541,POL0115,CLT031,2024-09-08,2024-10-08,556,528,encaissée,2024-09-22
PRM01542,POL0115,CLT031,2024-10-08,2024-11-08,556,528,encaissée,2024-10-20
PRM01543,POL0115,CLT031,2024-11-08,2024-12-08,556,528,encaissée,2024-11-23
PRM01544,POL0115,CLT031,2024-12-08,2025-01-08,556,528,encaissée,2024-12-17
PRM01545,POL0115,CLT031,2025-01-08,2025-02-08,556,528,encaissée,2025-01-20
PRM01546,POL0115,CLT031,2025-02-08,2025-03-08,556,528,encaissée,2025-02-10
PRM01547,POL0115,CLT031,2025-03-08,2025-04-08,556,528,encaissée,2025-03-10
PRM01548,POL0115,CLT031,2025-04-08,2025-05-08,556,528,encaissée,2025-04-21
PRM01549,POL0115,CLT031,2025-05-08,2025-06-08,556,528,encaissée,2025-05-13
PRM01550,POL0115,CLT031,2025-06-08,2025-07-08,556,528,encaissée,2025-06-23
PRM01551,POL0115,CLT031,2025-07-08,2025-08-08,556,528,encaissée,2025-07-17
PRM01552,POL0115,CLT031,2025-08-08,2025-09-08,556,528,encaissée,2025-08-14
PRM01553,POL0115,CLT031,2025-09-08,2025-10-08,556,528,encaissée,2025-09-19
PRM01554,POL0115,CLT031,2025-10-08,2025-11-08,556,528,encaissée,2025-10-20
PRM01555,POL0115,CLT031,2025-11-08,2025-12-08,556,528,encaissée,2025-11-16
PRM01556,POL0115,CLT031,2025-12-08,2026-01-08,556,528,encaissée,2025-12-20
PRM01557,POL0115,CLT031,2026-01-08,2026-02-08,556,528,encaissée,2026-01-23
PRM01558,POL0115,CLT031,2026-02-08,2026-03-08,556,528,encaissée,2026-02-20
PRM01559,POL0115,CLT031,2026-03-08,2026-04-08,556,528,encaissée,2026-03-09
PRM01560,POL0115,CLT031,2026-04-08,2026-05-08,556,528,encaissée,2026-04-16
PRM01561,POL0116,CLT031,2025-06-17,2025-07-17,1173,1114,encaissée,2025-06-19
PRM01562,POL0116,CLT031,2025-07-17,2025-08-17,1173,1114,encaissée,2025-07-26
PRM01563,POL0116,CLT031,2025-08-17,2025-09-17,1173,1114,encaissée,2025-08-31
PRM01564,POL0116,CLT031,2025-09-17,2025-10-17,1173,1114,encaissée,2025-09-29
PRM01565,POL0116,CLT031,2025-10-17,2025-11-17,1173,1114,encaissée,2025-10-30
PRM01566,POL0116,CLT031,2025-11-17,2025-12-17,1173,1114,encaissée,2025-11-28
PRM01567,POL0116,CLT031,2025-12-17,2026-01-17,1173,1114,encaissée,2025-12-28
PRM01568,POL0116,CLT031,2026-01-17,2026-02-17,1173,1114,encaissée,2026-02-01
PRM01569,POL0116,CLT031,2026-02-17,2026-03-17,1173,1114,encaissée,2026-02-28
PRM01570,POL0116,CLT031,2026-03-17,2026-04-17,1173,1114,encaissée,2026-03-21
PRM01571,POL0116,CLT031,2026-04-17,2026-05-17,1173,1114,encaissée,2026-04-23
PRM01572,POL0117,CLT031,2024-07-08,2024-08-08,785,746,encaissée,2024-07-23
PRM01573,POL0117,CLT031,2024-08-08,2024-09-08,785,746,encaissée,2024-08-16
PRM01574,POL0117,CLT031,2024-09-08,2024-10-08,785,746,encaissée,2024-09-18
PRM01575,POL0117,CLT031,2024-10-08,2024-11-08,785,746,encaissée,2024-10-15
PRM01576,POL0117,CLT031,2024-11-08,2024-12-08,785,746,encaissée,2024-11-18
PRM01577,POL0117,CLT031,2024-12-08,2025-01-08,785,746,encaissée,2024-12-16
PRM01578,POL0117,CLT031,2025-01-08,2025-02-08,785,746,encaissée,2025-01-22
PRM01579,POL0117,CLT031,2025-02-08,2025-03-08,785,746,encaissée,2025-02-15
PRM01580,POL0117,CLT031,2025-03-08,2025-04-08,785,746,encaissée,2025-03-11
PRM01581,POL0117,CLT031,2025-04-08,2025-05-08,785,746,encaissée,2025-04-14
PRM01582,POL0117,CLT031,2025-05-08,2025-06-08,785,746,encaissée,2025-05-19
PRM01583,POL0117,CLT031,2025-06-08,2025-07-08,785,746,encaissée,2025-06-22
PRM01584,POL0117,CLT031,2025-07-08,2025-08-08,785,746,encaissée,2025-07-10
PRM01585,POL0117,CLT031,2025-08-08,2025-09-08,785,746,encaissée,2025-08-23
PRM01586,POL0117,CLT031,2025-09-08,2025-10-08,785,746,encaissée,2025-09-13
PRM01587,POL0117,CLT031,2025-10-08,2025-11-08,785,746,encaissée,2025-10-16
PRM01588,POL0117,CLT031,2025-11-08,2025-12-08,785,746,encaissée,2025-11-12
PRM01589,POL0117,CLT031,2025-12-08,2026-01-08,785,746,encaissée,2025-12-10
PRM01590,POL0117,CLT031,2026-01-08,2026-02-08,785,746,encaissée,2026-01-12
PRM01591,POL0117,CLT031,2026-02-08,2026-03-08,785,746,encaissée,2026-02-14
PRM01592,POL0117,CLT031,2026-03-08,2026-04-08,785,746,encaissée,2026-03-17
PRM01593,POL0117,CLT031,2026-04-08,2026-05-08,785,746,encaissée,2026-04-11
PRM01594,POL0118,CLT032,2025-08-16,2025-09-16,980,931,encaissée,2025-08-17
PRM01595,POL0118,CLT032,2025-09-16,2025-10-16,980,931,encaissée,2025-09-22
PRM01596,POL0118,CLT032,2025-10-16,2025-11-16,980,931,encaissée,2025-10-20
PRM01597,POL0118,CLT032,2025-11-16,2025-12-16,980,931,encaissée,2025-12-01
PRM01598,POL0118,CLT032,2025-12-16,2026-01-16,980,931,encaissée,2025-12-31
PRM01599,POL0118,CLT032,2026-01-16,2026-02-16,980,931,encaissée,2026-01-18
PRM01600,POL0118,CLT032,2026-02-16,2026-03-16,980,931,encaissée,2026-02-27
PRM01601,POL0118,CLT032,2026-03-16,2026-04-16,980,931,encaissée,2026-03-17
PRM01602,POL0118,CLT032,2026-04-16,2026-05-16,980,931,encaissée,2026-04-27
PRM01603,POL0119,CLT032,2024-07-11,2024-08-11,1315,1249,encaissée,2024-07-14
PRM01604,POL0119,CLT032,2024-08-11,2024-09-11,1315,1249,encaissée,2024-08-25
PRM01605,POL0119,CLT032,2024-09-11,2024-10-11,1315,1249,encaissée,2024-09-18
PRM01606,POL0119,CLT032,2024-10-11,2024-11-11,1315,1249,encaissée,2024-10-17
PRM01607,POL0119,CLT032,2024-11-11,2024-12-11,1315,1249,encaissée,2024-11-20
PRM01608,POL0119,CLT032,2024-12-11,2025-01-11,1315,1249,encaissée,2024-12-23
PRM01609,POL0119,CLT032,2025-01-11,2025-02-11,1315,1249,encaissée,2025-01-23
PRM01610,POL0119,CLT032,2025-02-11,2025-03-11,1315,1249,encaissée,2025-02-20
PRM01611,POL0119,CLT032,2025-03-11,2025-04-11,1315,1249,encaissée,2025-03-17
PRM01612,POL0119,CLT032,2025-04-11,2025-05-11,1315,1249,encaissée,2025-04-14
PRM01613,POL0119,CLT032,2025-05-11,2025-06-11,1315,1249,encaissée,2025-05-13
PRM01614,POL0119,CLT032,2025-06-11,2025-07-11,1315,1249,encaissée,2025-06-17
PRM01615,POL0119,CLT032,2025-07-11,2025-08-11,1315,1249,encaissée,2025-07-13
PRM01616,POL0119,CLT032,2025-08-11,2025-09-11,1315,1249,encaissée,2025-08-17
PRM01617,POL0119,CLT032,2025-09-11,2025-10-11,1315,1249,encaissée,2025-09-13
PRM01618,POL0119,CLT032,2025-10-11,2025-11-11,1315,1249,encaissée,2025-10-21
PRM01619,POL0119,CLT032,2025-11-11,2025-12-11,1315,1249,encaissée,2025-11-12
PRM01620,POL0119,CLT032,2025-12-11,2026-01-11,1315,1249,encaissée,2025-12-15
PRM01621,POL0119,CLT032,2026-01-11,2026-02-11,1315,1249,encaissée,2026-01-22
PRM01622,POL0119,CLT032,2026-02-11,2026-03-11,1315,1249,encaissée,2026-02-16
PRM01623,POL0119,CLT032,2026-03-11,2026-04-11,1315,1249,encaissée,2026-03-20
PRM01624,POL0119,CLT032,2026-04-11,2026-05-11,1315,1249,encaissée,2026-04-24
PRM01625,POL0120,CLT032,2025-04-23,2025-05-23,1022,971,encaissée,2025-04-30
PRM01626,POL0120,CLT032,2025-05-23,2025-06-23,1022,971,encaissée,2025-05-28
PRM01627,POL0120,CLT032,2025-06-23,2025-07-23,1022,971,encaissée,2025-07-05
PRM01628,POL0120,CLT032,2025-07-23,2025-08-23,1022,971,encaissée,2025-08-04
PRM01629,POL0120,CLT032,2025-08-23,2025-09-23,1022,971,encaissée,2025-08-28
PRM01630,POL0120,CLT032,2025-09-23,2025-10-23,1022,971,encaissée,2025-09-25
PRM01631,POL0120,CLT032,2025-10-23,2025-11-23,1022,971,encaissée,2025-11-01
PRM01632,POL0120,CLT032,2025-11-23,2025-12-23,1022,971,encaissée,2025-12-05
PRM01633,POL0120,CLT032,2025-12-23,2026-01-23,1022,971,encaissée,2026-01-02
PRM01634,POL0120,CLT032,2026-01-23,2026-02-23,1022,971,encaissée,2026-02-01
PRM01635,POL0120,CLT032,2026-02-23,2026-03-23,1022,971,encaissée,2026-02-27
PRM01636,POL0120,CLT032,2026-03-23,2026-04-23,1022,971,encaissée,2026-03-27
PRM01637,POL0120,CLT032,2026-04-23,2026-05-23,1022,971,encaissée,2026-05-07
PRM01638,POL0121,CLT032,2025-04-12,2025-05-12,1118,1062,encaissée,2025-04-20
PRM01639,POL0121,CLT032,2025-05-12,2025-06-12,1118,1062,encaissée,2025-05-25
PRM01640,POL0121,CLT032,2025-06-12,2025-07-12,1118,1062,encaissée,2025-06-16
PRM01641,POL0121,CLT032,2025-07-12,2025-08-12,1118,1062,encaissée,2025-07-23
PRM01642,POL0121,CLT032,2025-08-12,2025-09-12,1118,1062,encaissée,2025-08-24
PRM01643,POL0121,CLT032,2025-09-12,2025-10-12,1118,1062,encaissée,2025-09-14
PRM01644,POL0121,CLT032,2025-10-12,2025-11-12,1118,1062,encaissée,2025-10-18
PRM01645,POL0121,CLT032,2025-11-12,2025-12-12,1118,1062,encaissée,2025-11-19
PRM01646,POL0121,CLT032,2025-12-12,2026-01-12,1118,1062,encaissée,2025-12-22
PRM01647,POL0121,CLT032,2026-01-12,2026-02-12,1118,1062,encaissée,2026-01-27
PRM01648,POL0121,CLT032,2026-02-12,2026-03-12,1118,1062,encaissée,2026-02-20
PRM01649,POL0121,CLT032,2026-03-12,2026-04-12,1118,1062,encaissée,2026-03-25
PRM01650,POL0121,CLT032,2026-04-12,2026-05-12,1118,1062,encaissée,2026-04-23
PRM01651,POL0122,CLT032,2024-12-19,2025-01-19,2082,1978,encaissée,2025-01-01
PRM01652,POL0122,CLT032,2025-01-19,2025-02-19,2082,1978,encaissée,2025-01-21
PRM01653,POL0122,CLT032,2025-02-19,2025-03-19,2082,1978,encaissée,2025-02-28
PRM01654,POL0122,CLT032,2025-03-19,2025-04-19,2082,1978,encaissée,2025-04-02
PRM01655,POL0122,CLT032,2025-04-19,2025-05-19,2082,1978,encaissée,2025-04-24
PRM01656,POL0122,CLT032,2025-05-19,2025-06-19,2082,1978,encaissée,2025-05-30
PRM01657,POL0122,CLT032,2025-06-19,2025-07-19,2082,1978,encaissée,2025-07-01
PRM01658,POL0122,CLT032,2025-07-19,2025-08-19,2082,1978,encaissée,2025-07-31
PRM01659,POL0122,CLT032,2025-08-19,2025-09-19,2082,1978,encaissée,2025-08-21
PRM01660,POL0122,CLT032,2025-09-19,2025-10-19,2082,1978,encaissée,2025-09-23
PRM01661,POL0122,CLT032,2025-10-19,2025-11-19,2082,1978,encaissée,2025-11-02
PRM01662,POL0122,CLT032,2025-11-19,2025-12-19,2082,1978,encaissée,2025-12-02
PRM01663,POL0122,CLT032,2025-12-19,2026-01-19,2082,1978,encaissée,2025-12-30
PRM01664,POL0122,CLT032,2026-01-19,2026-02-19,2082,1978,encaissée,2026-01-20
PRM01665,POL0122,CLT032,2026-02-19,2026-03-19,2082,1978,encaissée,2026-02-22
PRM01666,POL0122,CLT032,2026-03-19,2026-04-19,2082,1978,encaissée,2026-04-01
PRM01667,POL0122,CLT032,2026-04-19,2026-05-19,2082,1978,encaissée,2026-04-25
PRM01668,POL0123,CLT032,2025-06-20,2025-07-20,1810,1720,encaissée,2025-06-21
PRM01669,POL0123,CLT032,2025-07-20,2025-08-20,1810,1720,encaissée,2025-08-01
PRM01670,POL0123,CLT032,2025-08-20,2025-09-20,1810,1720,encaissée,2025-08-31
PRM01671,POL0123,CLT032,2025-09-20,2025-10-20,1810,1720,encaissée,2025-09-26
PRM01672,POL0123,CLT032,2025-10-20,2025-11-20,1810,1720,encaissée,2025-10-23
PRM01673,POL0123,CLT032,2025-11-20,2025-12-20,1810,1720,encaissée,2025-12-02
PRM01674,POL0123,CLT032,2025-12-20,2026-01-20,1810,1720,encaissée,2025-12-23
PRM01675,POL0123,CLT032,2026-01-20,2026-02-20,1810,1720,encaissée,2026-01-22
PRM01676,POL0123,CLT032,2026-02-20,2026-03-20,1810,1720,encaissée,2026-03-07
PRM01677,POL0123,CLT032,2026-03-20,2026-04-20,1810,1720,encaissée,2026-03-22
PRM01678,POL0123,CLT032,2026-04-20,2026-05-20,1810,1720,encaissée,2026-05-01
PRM01679,POL0124,CLT033,2025-09-09,2025-10-09,1124,1068,encaissée,2025-09-15
PRM01680,POL0124,CLT033,2025-10-09,2025-11-09,1124,1068,encaissée,2025-10-12
PRM01681,POL0124,CLT033,2025-11-09,2025-12-09,1124,1068,encaissée,2025-11-21
PRM01682,POL0124,CLT033,2025-12-09,2026-01-09,1124,1068,encaissée,2025-12-16
PRM01683,POL0124,CLT033,2026-01-09,2026-02-09,1124,1068,encaissée,2026-01-12
PRM01684,POL0124,CLT033,2026-02-09,2026-03-09,1124,1068,encaissée,2026-02-17
PRM01685,POL0124,CLT033,2026-03-09,2026-04-09,1124,1068,encaissée,2026-03-12
PRM01686,POL0124,CLT033,2026-04-09,2026-05-09,1124,1068,encaissée,2026-04-18
PRM01687,POL0125,CLT033,2024-06-11,2024-07-11,1047,995,encaissée,2024-06-17
PRM01688,POL0125,CLT033,2024-07-11,2024-08-11,1047,995,encaissée,2024-07-16
PRM01689,POL0125,CLT033,2024-08-11,2024-09-11,1047,995,encaissée,2024-08-21
PRM01690,POL0125,CLT033,2024-09-11,2024-10-11,1047,995,encaissée,2024-09-12
PRM01691,POL0125,CLT033,2024-10-11,2024-11-11,1047,995,encaissée,2024-10-13
PRM01692,POL0125,CLT033,2024-11-11,2024-12-11,1047,995,encaissée,2024-11-16
PRM01693,POL0125,CLT033,2024-12-11,2025-01-11,1047,995,encaissée,2024-12-26
PRM01694,POL0125,CLT033,2025-01-11,2025-02-11,1047,995,encaissée,2025-01-14
PRM01695,POL0125,CLT033,2025-02-11,2025-03-11,1047,995,encaissée,2025-02-20
PRM01696,POL0125,CLT033,2025-03-11,2025-04-11,1047,995,encaissée,2025-03-19
PRM01697,POL0125,CLT033,2025-04-11,2025-05-11,1047,995,encaissée,2025-04-17
PRM01698,POL0125,CLT033,2025-05-11,2025-06-11,1047,995,encaissée,2025-05-20
PRM01699,POL0125,CLT033,2025-06-11,2025-07-11,1047,995,encaissée,2025-06-16
PRM01700,POL0125,CLT033,2025-07-11,2025-08-11,1047,995,encaissée,2025-07-22
PRM01701,POL0125,CLT033,2025-08-11,2025-09-11,1047,995,encaissée,2025-08-12
PRM01702,POL0125,CLT033,2025-09-11,2025-10-11,1047,995,encaissée,2025-09-18
PRM01703,POL0125,CLT033,2025-10-11,2025-11-11,1047,995,encaissée,2025-10-23
PRM01704,POL0125,CLT033,2025-11-11,2025-12-11,1047,995,encaissée,2025-11-14
PRM01705,POL0125,CLT033,2025-12-11,2026-01-11,1047,995,encaissée,2025-12-13
PRM01706,POL0125,CLT033,2026-01-11,2026-02-11,1047,995,encaissée,2026-01-20
PRM01707,POL0125,CLT033,2026-02-11,2026-03-11,1047,995,encaissée,2026-02-13
PRM01708,POL0125,CLT033,2026-03-11,2026-04-11,1047,995,encaissée,2026-03-15
PRM01709,POL0125,CLT033,2026-04-11,2026-05-11,1047,995,encaissée,2026-04-12
PRM01710,POL0126,CLT033,2026-01-21,2026-02-21,1707,1622,encaissée,2026-02-01
PRM01711,POL0126,CLT033,2026-02-21,2026-03-21,1707,1622,encaissée,2026-03-06
PRM01712,POL0126,CLT033,2026-03-21,2026-04-21,1707,1622,encaissée,2026-03-31
PRM01713,POL0126,CLT033,2026-04-21,2026-05-21,1707,1622,encaissée,2026-05-02
PRM01714,POL0127,CLT034,2025-12-10,2026-01-10,776,737,encaissée,2025-12-18
PRM01715,POL0127,CLT034,2026-01-10,2026-02-10,776,737,encaissée,2026-01-18
PRM01716,POL0127,CLT034,2026-02-10,2026-03-10,776,737,encaissée,2026-02-14
PRM01717,POL0127,CLT034,2026-03-10,2026-04-10,776,737,encaissée,2026-03-23
PRM01718,POL0127,CLT034,2026-04-10,2026-05-10,776,737,encaissée,2026-04-22
PRM01719,POL0128,CLT034,2024-07-02,2024-08-02,1658,1575,encaissée,2024-07-04
PRM01720,POL0128,CLT034,2024-08-02,2024-09-02,1658,1575,encaissée,2024-08-03
PRM01721,POL0128,CLT034,2024-09-02,2024-10-02,1658,1575,encaissée,2024-09-08
PRM01722,POL0128,CLT034,2024-10-02,2024-11-02,1658,1575,encaissée,2024-10-07
PRM01723,POL0128,CLT034,2024-11-02,2024-12-02,1658,1575,encaissée,2024-11-09
PRM01724,POL0128,CLT034,2024-12-02,2025-01-02,1658,1575,encaissée,2024-12-17
PRM01725,POL0128,CLT034,2025-01-02,2025-02-02,1658,1575,encaissée,2025-01-04
PRM01726,POL0128,CLT034,2025-02-02,2025-03-02,1658,1575,encaissée,2025-02-11
PRM01727,POL0128,CLT034,2025-03-02,2025-04-02,1658,1575,encaissée,2025-03-10
PRM01728,POL0128,CLT034,2025-04-02,2025-05-02,1658,1575,encaissée,2025-04-09
PRM01729,POL0128,CLT034,2025-05-02,2025-06-02,1658,1575,encaissée,2025-05-11
PRM01730,POL0128,CLT034,2025-06-02,2025-07-02,1658,1575,encaissée,2025-06-17
PRM01731,POL0128,CLT034,2025-07-02,2025-08-02,1658,1575,encaissée,2025-07-13
PRM01732,POL0128,CLT034,2025-08-02,2025-09-02,1658,1575,encaissée,2025-08-11
PRM01733,POL0128,CLT034,2025-09-02,2025-10-02,1658,1575,encaissée,2025-09-11
PRM01734,POL0128,CLT034,2025-10-02,2025-11-02,1658,1575,encaissée,2025-10-15
PRM01735,POL0128,CLT034,2025-11-02,2025-12-02,1658,1575,encaissée,2025-11-07
PRM01736,POL0128,CLT034,2025-12-02,2026-01-02,1658,1575,encaissée,2025-12-09
PRM01737,POL0128,CLT034,2026-01-02,2026-02-02,1658,1575,encaissée,2026-01-16
PRM01738,POL0128,CLT034,2026-02-02,2026-03-02,1658,1575,encaissée,2026-02-17
PRM01739,POL0128,CLT034,2026-03-02,2026-04-02,1658,1575,encaissée,2026-03-06
PRM01740,POL0128,CLT034,2026-04-02,2026-05-02,1658,1575,encaissée,2026-04-07
PRM01741,POL0128,CLT034,2026-05-02,2026-06-02,1658,1575,encaissée,2026-05-04
PRM01742,POL0129,CLT034,2025-12-14,2026-01-14,360,342,encaissée,2025-12-21
PRM01743,POL0129,CLT034,2026-01-14,2026-02-14,360,342,encaissée,2026-01-18
PRM01744,POL0129,CLT034,2026-02-14,2026-03-14,360,342,encaissée,2026-02-25
PRM01745,POL0129,CLT034,2026-03-14,2026-04-14,360,342,encaissée,2026-03-26
PRM01746,POL0129,CLT034,2026-04-14,2026-05-14,360,342,encaissée,2026-04-16
PRM01747,POL0130,CLT034,2024-10-13,2024-11-13,1084,1030,encaissée,2024-10-27
PRM01748,POL0130,CLT034,2024-11-13,2024-12-13,1084,1030,encaissée,2024-11-19
PRM01749,POL0130,CLT034,2024-12-13,2025-01-13,1084,1030,encaissée,2024-12-27
PRM01750,POL0130,CLT034,2025-01-13,2025-02-13,1084,1030,encaissée,2025-01-20
PRM01751,POL0130,CLT034,2025-02-13,2025-03-13,1084,1030,encaissée,2025-02-16
PRM01752,POL0130,CLT034,2025-03-13,2025-04-13,1084,1030,encaissée,2025-03-23
PRM01753,POL0130,CLT034,2025-04-13,2025-05-13,1084,1030,encaissée,2025-04-19
PRM01754,POL0130,CLT034,2025-05-13,2025-06-13,1084,1030,encaissée,2025-05-16
PRM01755,POL0130,CLT034,2025-06-13,2025-07-13,1084,1030,encaissée,2025-06-24
PRM01756,POL0130,CLT034,2025-07-13,2025-08-13,1084,1030,encaissée,2025-07-24
PRM01757,POL0130,CLT034,2025-08-13,2025-09-13,1084,1030,encaissée,2025-08-16
PRM01758,POL0130,CLT034,2025-09-13,2025-10-13,1084,1030,encaissée,2025-09-14
PRM01759,POL0130,CLT034,2025-10-13,2025-11-13,1084,1030,encaissée,2025-10-23
PRM01760,POL0130,CLT034,2025-11-13,2025-12-13,1084,1030,encaissée,2025-11-23
PRM01761,POL0130,CLT034,2025-12-13,2026-01-13,1084,1030,encaissée,2025-12-17
PRM01762,POL0130,CLT034,2026-01-13,2026-02-13,1084,1030,encaissée,2026-01-17
PRM01763,POL0130,CLT034,2026-02-13,2026-03-13,1084,1030,encaissée,2026-02-23
PRM01764,POL0130,CLT034,2026-03-13,2026-04-13,1084,1030,encaissée,2026-03-20
PRM01765,POL0130,CLT034,2026-04-13,2026-05-13,1084,1030,encaissée,2026-04-15
PRM01766,POL0131,CLT034,2025-11-26,2025-12-26,1547,1470,encaissée,2025-12-07
PRM01767,POL0131,CLT034,2025-12-26,2026-01-26,1547,1470,encaissée,2026-01-09
PRM01768,POL0131,CLT034,2026-01-26,2026-02-26,1547,1470,encaissée,2026-02-09
PRM01769,POL0131,CLT034,2026-02-26,2026-03-26,1547,1470,encaissée,2026-03-01
PRM01770,POL0131,CLT034,2026-03-26,2026-04-26,1547,1470,encaissée,2026-04-06
PRM01771,POL0131,CLT034,2026-04-26,2026-05-26,1547,1470,encaissée,2026-05-11
PRM01772,POL0132,CLT034,2025-02-19,2025-03-19,1947,1850,encaissée,2025-02-24
PRM01773,POL0132,CLT034,2025-03-19,2025-04-19,1947,1850,encaissée,2025-03-26
PRM01774,POL0132,CLT034,2025-04-19,2025-05-19,1947,1850,encaissée,2025-04-24
PRM01775,POL0132,CLT034,2025-05-19,2025-06-19,1947,1850,encaissée,2025-05-29
PRM01776,POL0132,CLT034,2025-06-19,2025-07-19,1947,1850,encaissée,2025-06-25
PRM01777,POL0132,CLT034,2025-07-19,2025-08-19,1947,1850,encaissée,2025-07-31
PRM01778,POL0132,CLT034,2025-08-19,2025-09-19,1947,1850,encaissée,2025-09-01
PRM01779,POL0132,CLT034,2025-09-19,2025-10-19,1947,1850,encaissée,2025-09-22
PRM01780,POL0132,CLT034,2025-10-19,2025-11-19,1947,1850,encaissée,2025-10-22
PRM01781,POL0132,CLT034,2025-11-19,2025-12-19,1947,1850,encaissée,2025-11-21
PRM01782,POL0132,CLT034,2025-12-19,2026-01-19,1947,1850,encaissée,2026-01-01
PRM01783,POL0132,CLT034,2026-01-19,2026-02-19,1947,1850,encaissée,2026-01-26
PRM01784,POL0132,CLT034,2026-02-19,2026-03-19,1947,1850,encaissée,2026-03-01
PRM01785,POL0132,CLT034,2026-03-19,2026-04-19,1947,1850,encaissée,2026-03-29
PRM01786,POL0132,CLT034,2026-04-19,2026-05-19,1947,1850,encaissée,2026-04-21
PRM01787,POL0133,CLT035,2025-03-24,2025-04-24,965,917,encaissée,2025-04-08
PRM01788,POL0133,CLT035,2025-04-24,2025-05-24,965,917,encaissée,2025-05-07
PRM01789,POL0133,CLT035,2025-05-24,2025-06-24,965,917,encaissée,2025-06-02
PRM01790,POL0133,CLT035,2025-06-24,2025-07-24,965,917,encaissée,2025-06-26
PRM01791,POL0133,CLT035,2025-07-24,2025-08-24,965,917,encaissée,2025-08-02
PRM01792,POL0133,CLT035,2025-08-24,2025-09-24,965,917,encaissée,2025-09-04
PRM01793,POL0133,CLT035,2025-09-24,2025-10-24,965,917,encaissée,2025-10-06
PRM01794,POL0133,CLT035,2025-10-24,2025-11-24,965,917,encaissée,2025-11-03
PRM01795,POL0133,CLT035,2025-11-24,2025-12-24,965,917,encaissée,2025-12-02
PRM01796,POL0133,CLT035,2025-12-24,2026-01-24,965,917,encaissée,2026-01-05
PRM01797,POL0133,CLT035,2026-01-24,2026-02-24,965,917,encaissée,2026-02-08
PRM01798,POL0133,CLT035,2026-02-24,2026-03-24,965,917,encaissée,2026-03-10
PRM01799,POL0133,CLT035,2026-03-24,2026-04-24,965,917,encaissée,2026-03-30
PRM01800,POL0133,CLT035,2026-04-24,2026-05-24,965,917,encaissée,2026-05-02
PRM01801,POL0134,CLT035,2024-11-29,2024-12-29,2076,1972,encaissée,2024-12-11
PRM01802,POL0134,CLT035,2024-12-29,2025-01-29,2076,1972,encaissée,2025-01-07
PRM01803,POL0134,CLT035,2025-01-29,2025-03-01,2076,1972,encaissée,2025-02-09
PRM01804,POL0134,CLT035,2025-03-01,2025-04-01,2076,1972,encaissée,2025-03-05
PRM01805,POL0134,CLT035,2025-03-29,2025-04-29,2076,1972,encaissée,2025-04-06
PRM01806,POL0134,CLT035,2025-04-29,2025-05-29,2076,1972,encaissée,2025-05-06
PRM01807,POL0134,CLT035,2025-05-29,2025-06-29,2076,1972,encaissée,2025-06-06
PRM01808,POL0134,CLT035,2025-06-29,2025-07-29,2076,1972,encaissée,2025-07-12
PRM01809,POL0134,CLT035,2025-07-29,2025-08-29,2076,1972,encaissée,2025-08-12
PRM01810,POL0134,CLT035,2025-08-29,2025-09-29,2076,1972,encaissée,2025-08-31
PRM01811,POL0134,CLT035,2025-09-29,2025-10-29,2076,1972,encaissée,2025-10-12
PRM01812,POL0134,CLT035,2025-10-29,2025-11-29,2076,1972,encaissée,2025-11-06
PRM01813,POL0134,CLT035,2025-11-29,2025-12-29,2076,1972,encaissée,2025-12-08
PRM01814,POL0134,CLT035,2025-12-29,2026-01-29,2076,1972,encaissée,2026-01-05
PRM01815,POL0134,CLT035,2026-01-29,2026-03-01,2076,1972,encaissée,2026-02-08
PRM01816,POL0134,CLT035,2026-03-01,2026-04-01,2076,1972,encaissée,2026-03-05
PRM01817,POL0134,CLT035,2026-03-29,2026-04-29,2076,1972,encaissée,2026-04-06
PRM01818,POL0134,CLT035,2026-04-29,2026-05-29,2076,1972,encaissée,2026-05-02
PRM01819,POL0135,CLT035,2024-08-18,2024-09-18,1563,1485,encaissée,2024-08-30
PRM01820,POL0135,CLT035,2024-09-18,2024-10-18,1563,1485,encaissée,2024-09-19
PRM01821,POL0135,CLT035,2024-10-18,2024-11-18,1563,1485,encaissée,2024-11-02
PRM01822,POL0135,CLT035,2024-11-18,2024-12-18,1563,1485,encaissée,2024-11-24
PRM01823,POL0135,CLT035,2024-12-18,2025-01-18,1563,1485,encaissée,2025-01-02
PRM01824,POL0135,CLT035,2025-01-18,2025-02-18,1563,1485,encaissée,2025-01-22
PRM01825,POL0135,CLT035,2025-02-18,2025-03-18,1563,1485,encaissée,2025-02-24
PRM01826,POL0135,CLT035,2025-03-18,2025-04-18,1563,1485,encaissée,2025-03-20
PRM01827,POL0135,CLT035,2025-04-18,2025-05-18,1563,1485,encaissée,2025-04-24
PRM01828,POL0135,CLT035,2025-05-18,2025-06-18,1563,1485,encaissée,2025-05-20
PRM01829,POL0135,CLT035,2025-06-18,2025-07-18,1563,1485,encaissée,2025-06-28
PRM01830,POL0135,CLT035,2025-07-18,2025-08-18,1563,1485,encaissée,2025-07-22
PRM01831,POL0135,CLT035,2025-08-18,2025-09-18,1563,1485,encaissée,2025-08-19
PRM01832,POL0135,CLT035,2025-09-18,2025-10-18,1563,1485,encaissée,2025-09-29
PRM01833,POL0135,CLT035,2025-10-18,2025-11-18,1563,1485,encaissée,2025-10-21
PRM01834,POL0135,CLT035,2025-11-18,2025-12-18,1563,1485,encaissée,2025-11-24
PRM01835,POL0135,CLT035,2025-12-18,2026-01-18,1563,1485,encaissée,2026-01-02
PRM01836,POL0135,CLT035,2026-01-18,2026-02-18,1563,1485,encaissée,2026-01-22
PRM01837,POL0135,CLT035,2026-02-18,2026-03-18,1563,1485,encaissée,2026-03-01
PRM01838,POL0135,CLT035,2026-03-18,2026-04-18,1563,1485,encaissée,2026-03-25
PRM01839,POL0135,CLT035,2026-04-18,2026-05-18,1563,1485,encaissée,2026-04-28
PRM01840,POL0136,CLT035,2025-01-02,2025-02-02,1457,1384,encaissée,2025-01-03
PRM01841,POL0136,CLT035,2025-02-02,2025-03-02,1457,1384,encaissée,2025-02-09
PRM01842,POL0136,CLT035,2025-03-02,2025-04-02,1457,1384,encaissée,2025-03-03
PRM01843,POL0136,CLT035,2025-04-02,2025-05-02,1457,1384,encaissée,2025-04-15
PRM01844,POL0136,CLT035,2025-05-02,2025-06-02,1457,1384,encaissée,2025-05-16
PRM01845,POL0136,CLT035,2025-06-02,2025-07-02,1457,1384,encaissée,2025-06-09
PRM01846,POL0136,CLT035,2025-07-02,2025-08-02,1457,1384,encaissée,2025-07-10
PRM01847,POL0136,CLT035,2025-08-02,2025-09-02,1457,1384,encaissée,2025-08-13
PRM01848,POL0136,CLT035,2025-09-02,2025-10-02,1457,1384,encaissée,2025-09-11
PRM01849,POL0136,CLT035,2025-10-02,2025-11-02,1457,1384,encaissée,2025-10-14
PRM01850,POL0136,CLT035,2025-11-02,2025-12-02,1457,1384,encaissée,2025-11-07
PRM01851,POL0136,CLT035,2025-12-02,2026-01-02,1457,1384,encaissée,2025-12-13
PRM01852,POL0136,CLT035,2026-01-02,2026-02-02,1457,1384,encaissée,2026-01-11
PRM01853,POL0136,CLT035,2026-02-02,2026-03-02,1457,1384,encaissée,2026-02-17
PRM01854,POL0136,CLT035,2026-03-02,2026-04-02,1457,1384,encaissée,2026-03-15
PRM01855,POL0136,CLT035,2026-04-02,2026-05-02,1457,1384,encaissée,2026-04-09
PRM01856,POL0136,CLT035,2026-05-02,2026-06-02,1457,1384,encaissée,2026-05-17
PRM01857,POL0137,CLT035,2024-10-15,2024-11-15,374,355,encaissée,2024-10-17
PRM01858,POL0137,CLT035,2024-11-15,2024-12-15,374,355,encaissée,2024-11-27
PRM01859,POL0137,CLT035,2024-12-15,2025-01-15,374,355,encaissée,2024-12-28
PRM01860,POL0137,CLT035,2025-01-15,2025-02-15,374,355,encaissée,2025-01-25
PRM01861,POL0137,CLT035,2025-02-15,2025-03-15,374,355,encaissée,2025-03-02
PRM01862,POL0137,CLT035,2025-03-15,2025-04-15,374,355,encaissée,2025-03-22
PRM01863,POL0137,CLT035,2025-04-15,2025-05-15,374,355,encaissée,2025-04-28
PRM01864,POL0137,CLT035,2025-05-15,2025-06-15,374,355,encaissée,2025-05-20
PRM01865,POL0137,CLT035,2025-06-15,2025-07-15,374,355,encaissée,2025-06-25
PRM01866,POL0137,CLT035,2025-07-15,2025-08-15,374,355,encaissée,2025-07-22
PRM01867,POL0137,CLT035,2025-08-15,2025-09-15,374,355,encaissée,2025-08-29
PRM01868,POL0137,CLT035,2025-09-15,2025-10-15,374,355,encaissée,2025-09-17
PRM01869,POL0137,CLT035,2025-10-15,2025-11-15,374,355,encaissée,2025-10-24
PRM01870,POL0137,CLT035,2025-11-15,2025-12-15,374,355,encaissée,2025-11-20
PRM01871,POL0137,CLT035,2025-12-15,2026-01-15,374,355,encaissée,2025-12-21
PRM01872,POL0137,CLT035,2026-01-15,2026-02-15,374,355,encaissée,2026-01-18
PRM01873,POL0137,CLT035,2026-02-15,2026-03-15,374,355,encaissée,2026-03-02
PRM01874,POL0137,CLT035,2026-03-15,2026-04-15,374,355,encaissée,2026-03-30
PRM01875,POL0137,CLT035,2026-04-15,2026-05-15,374,355,encaissée,2026-04-18
PRM01876,POL0138,CLT035,2025-03-24,2025-04-24,2048,1946,encaissée,2025-04-04
PRM01877,POL0138,CLT035,2025-04-24,2025-05-24,2048,1946,encaissée,2025-04-28
PRM01878,POL0138,CLT035,2025-05-24,2025-06-24,2048,1946,encaissée,2025-06-05
PRM01879,POL0138,CLT035,2025-06-24,2025-07-24,2048,1946,encaissée,2025-06-29
PRM01880,POL0138,CLT035,2025-07-24,2025-08-24,2048,1946,encaissée,2025-08-08
PRM01881,POL0138,CLT035,2025-08-24,2025-09-24,2048,1946,encaissée,2025-09-01
PRM01882,POL0138,CLT035,2025-09-24,2025-10-24,2048,1946,encaissée,2025-09-28
PRM01883,POL0138,CLT035,2025-10-24,2025-11-24,2048,1946,encaissée,2025-10-30
PRM01884,POL0138,CLT035,2025-11-24,2025-12-24,2048,1946,encaissée,2025-11-25
PRM01885,POL0138,CLT035,2025-12-24,2026-01-24,2048,1946,encaissée,2026-01-02
PRM01886,POL0138,CLT035,2026-01-24,2026-02-24,2048,1946,encaissée,2026-02-01
PRM01887,POL0138,CLT035,2026-02-24,2026-03-24,2048,1946,encaissée,2026-03-07
PRM01888,POL0138,CLT035,2026-03-24,2026-04-24,2048,1946,encaissée,2026-04-03
PRM01889,POL0138,CLT035,2026-04-24,2026-05-24,2048,1946,encaissée,2026-04-30
PRM01890,POL0139,CLT036,2025-09-22,2025-10-22,1565,1487,encaissée,2025-10-07
PRM01891,POL0139,CLT036,2025-10-22,2025-11-22,1565,1487,encaissée,2025-10-30
PRM01892,POL0139,CLT036,2025-11-22,2025-12-22,1565,1487,encaissée,2025-12-05
PRM01893,POL0139,CLT036,2025-12-22,2026-01-22,1565,1487,encaissée,2025-12-24
PRM01894,POL0139,CLT036,2026-01-22,2026-02-22,1565,1487,encaissée,2026-01-27
PRM01895,POL0139,CLT036,2026-02-22,2026-03-22,1565,1487,encaissée,2026-02-23
PRM01896,POL0139,CLT036,2026-03-22,2026-04-22,1565,1487,encaissée,2026-03-24
PRM01897,POL0139,CLT036,2026-04-22,2026-05-22,1565,1487,encaissée,2026-04-27
PRM01898,POL0140,CLT036,2024-12-08,2025-01-08,1653,1570,encaissée,2024-12-15
PRM01899,POL0140,CLT036,2025-01-08,2025-02-08,1653,1570,encaissée,2025-01-11
PRM01900,POL0140,CLT036,2025-02-08,2025-03-08,1653,1570,encaissée,2025-02-21
PRM01901,POL0140,CLT036,2025-03-08,2025-04-08,1653,1570,encaissée,2025-03-14
PRM01902,POL0140,CLT036,2025-04-08,2025-05-08,1653,1570,encaissée,2025-04-16
PRM01903,POL0140,CLT036,2025-05-08,2025-06-08,1653,1570,encaissée,2025-05-14
PRM01904,POL0140,CLT036,2025-06-08,2025-07-08,1653,1570,encaissée,2025-06-20
PRM01905,POL0140,CLT036,2025-07-08,2025-08-08,1653,1570,encaissée,2025-07-13
PRM01906,POL0140,CLT036,2025-08-08,2025-09-08,1653,1570,encaissée,2025-08-22
PRM01907,POL0140,CLT036,2025-09-08,2025-10-08,1653,1570,encaissée,2025-09-23
PRM01908,POL0140,CLT036,2025-10-08,2025-11-08,1653,1570,encaissée,2025-10-12
PRM01909,POL0140,CLT036,2025-11-08,2025-12-08,1653,1570,encaissée,2025-11-11
PRM01910,POL0140,CLT036,2025-12-08,2026-01-08,1653,1570,encaissée,2025-12-14
PRM01911,POL0140,CLT036,2026-01-08,2026-02-08,1653,1570,encaissée,2026-01-17
PRM01912,POL0140,CLT036,2026-02-08,2026-03-08,1653,1570,encaissée,2026-02-20
PRM01913,POL0140,CLT036,2026-03-08,2026-04-08,1653,1570,encaissée,2026-03-13
PRM01914,POL0140,CLT036,2026-04-08,2026-05-08,1653,1570,encaissée,2026-04-15
PRM01915,POL0141,CLT037,2025-07-27,2025-08-27,187,178,encaissée,2025-08-02
PRM01916,POL0141,CLT037,2025-08-27,2025-09-27,187,178,encaissée,2025-09-04
PRM01917,POL0141,CLT037,2025-09-27,2025-10-27,187,178,encaissée,2025-09-30
PRM01918,POL0141,CLT037,2025-10-27,2025-11-27,187,178,encaissée,2025-11-02
PRM01919,POL0141,CLT037,2025-11-27,2025-12-27,187,178,encaissée,2025-12-02
PRM01920,POL0141,CLT037,2025-12-27,2026-01-27,187,178,encaissée,2026-01-11
PRM01921,POL0141,CLT037,2026-01-27,2026-02-27,187,178,encaissée,2026-02-09
PRM01922,POL0141,CLT037,2026-02-27,2026-03-27,187,178,encaissée,2026-03-11
PRM01923,POL0141,CLT037,2026-03-27,2026-04-27,187,178,encaissée,2026-03-31
PRM01924,POL0141,CLT037,2026-04-27,2026-05-27,187,178,encaissée,2026-05-01
PRM01925,POL0142,CLT037,2024-08-19,2024-09-19,1686,1602,encaissée,2024-08-25
PRM01926,POL0142,CLT037,2024-09-19,2024-10-19,1686,1602,encaissée,2024-09-26
PRM01927,POL0142,CLT037,2024-10-19,2024-11-19,1686,1602,encaissée,2024-10-23
PRM01928,POL0142,CLT037,2024-11-19,2024-12-19,1686,1602,encaissée,2024-12-04
PRM01929,POL0142,CLT037,2024-12-19,2025-01-19,1686,1602,encaissée,2024-12-25
PRM01930,POL0142,CLT037,2025-01-19,2025-02-19,1686,1602,encaissée,2025-01-27
PRM01931,POL0142,CLT037,2025-02-19,2025-03-19,1686,1602,encaissée,2025-03-04
PRM01932,POL0142,CLT037,2025-03-19,2025-04-19,1686,1602,encaissée,2025-03-21
PRM01933,POL0142,CLT037,2025-04-19,2025-05-19,1686,1602,encaissée,2025-04-24
PRM01934,POL0142,CLT037,2025-05-19,2025-06-19,1686,1602,encaissée,2025-06-01
PRM01935,POL0142,CLT037,2025-06-19,2025-07-19,1686,1602,encaissée,2025-06-29
PRM01936,POL0142,CLT037,2025-07-19,2025-08-19,1686,1602,encaissée,2025-07-23
PRM01937,POL0142,CLT037,2025-08-19,2025-09-19,1686,1602,encaissée,2025-08-30
PRM01938,POL0142,CLT037,2025-09-19,2025-10-19,1686,1602,encaissée,2025-10-04
PRM01939,POL0142,CLT037,2025-10-19,2025-11-19,1686,1602,encaissée,2025-10-30
PRM01940,POL0142,CLT037,2025-11-19,2025-12-19,1686,1602,encaissée,2025-11-28
PRM01941,POL0142,CLT037,2025-12-19,2026-01-19,1686,1602,encaissée,2025-12-30
PRM01942,POL0142,CLT037,2026-01-19,2026-02-19,1686,1602,encaissée,2026-01-25
PRM01943,POL0142,CLT037,2026-02-19,2026-03-19,1686,1602,encaissée,2026-03-02
PRM01944,POL0142,CLT037,2026-03-19,2026-04-19,1686,1602,encaissée,2026-03-21
PRM01945,POL0142,CLT037,2026-04-19,2026-05-19,1686,1602,encaissée,2026-04-27
PRM01946,POL0143,CLT038,2026-01-15,2026-02-15,713,677,encaissée,2026-01-17
PRM01947,POL0143,CLT038,2026-02-15,2026-03-15,713,677,encaissée,2026-02-24
PRM01948,POL0143,CLT038,2026-03-15,2026-04-15,713,677,encaissée,2026-03-22
PRM01949,POL0143,CLT038,2026-04-15,2026-05-15,713,677,encaissée,2026-04-18
PRM01950,POL0144,CLT038,2025-10-18,2025-11-18,1207,1147,encaissée,2025-10-26
PRM01951,POL0144,CLT038,2025-11-18,2025-12-18,1207,1147,encaissée,2025-12-02
PRM01952,POL0144,CLT038,2025-12-18,2026-01-18,1207,1147,encaissée,2025-12-27
PRM01953,POL0144,CLT038,2026-01-18,2026-02-18,1207,1147,encaissée,2026-01-30
PRM01954,POL0144,CLT038,2026-02-18,2026-03-18,1207,1147,encaissée,2026-02-25
PRM01955,POL0144,CLT038,2026-03-18,2026-04-18,1207,1147,encaissée,2026-03-24
PRM01956,POL0144,CLT038,2026-04-18,2026-05-18,1207,1147,encaissée,2026-04-30
PRM01957,POL0145,CLT038,2025-08-05,2025-09-05,1656,1573,encaissée,2025-08-10
PRM01958,POL0145,CLT038,2025-09-05,2025-10-05,1656,1573,encaissée,2025-09-14
PRM01959,POL0145,CLT038,2025-10-05,2025-11-05,1656,1573,encaissée,2025-10-06
PRM01960,POL0145,CLT038,2025-11-05,2025-12-05,1656,1573,encaissée,2025-11-15
PRM01961,POL0145,CLT038,2025-12-05,2026-01-05,1656,1573,encaissée,2025-12-14
PRM01962,POL0145,CLT038,2026-01-05,2026-02-05,1656,1573,encaissée,2026-01-14
PRM01963,POL0145,CLT038,2026-02-05,2026-03-05,1656,1573,encaissée,2026-02-17
PRM01964,POL0145,CLT038,2026-03-05,2026-04-05,1656,1573,encaissée,2026-03-17
PRM01965,POL0145,CLT038,2026-04-05,2026-05-05,1656,1573,encaissée,2026-04-18
PRM01966,POL0146,CLT038,2025-10-03,2025-11-03,1489,1415,encaissée,2025-10-06
PRM01967,POL0146,CLT038,2025-11-03,2025-12-03,1489,1415,encaissée,2025-11-04
PRM01968,POL0146,CLT038,2025-12-03,2026-01-03,1489,1415,encaissée,2025-12-14
PRM01969,POL0146,CLT038,2026-01-03,2026-02-03,1489,1415,encaissée,2026-01-13
PRM01970,POL0146,CLT038,2026-02-03,2026-03-03,1489,1415,encaissée,2026-02-07
PRM01971,POL0146,CLT038,2026-03-03,2026-04-03,1489,1415,encaissée,2026-03-04
PRM01972,POL0146,CLT038,2026-04-03,2026-05-03,1489,1415,encaissée,2026-04-10
PRM01973,POL0147,CLT038,2025-09-22,2025-10-22,236,224,encaissée,2025-10-03
PRM01974,POL0147,CLT038,2025-10-22,2025-11-22,236,224,encaissée,2025-10-25
PRM01975,POL0147,CLT038,2025-11-22,2025-12-22,236,224,encaissée,2025-11-26
PRM01976,POL0147,CLT038,2025-12-22,2026-01-22,236,224,encaissée,2025-12-29
PRM01977,POL0147,CLT038,2026-01-22,2026-02-22,236,224,encaissée,2026-01-30
PRM01978,POL0147,CLT038,2026-02-22,2026-03-22,236,224,encaissée,2026-03-03
PRM01979,POL0147,CLT038,2026-03-22,2026-04-22,236,224,encaissée,2026-03-31
PRM01980,POL0147,CLT038,2026-04-22,2026-05-22,236,224,encaissée,2026-04-23
PRM01981,POL0148,CLT038,2025-02-15,2025-03-15,551,523,encaissée,2025-02-22
PRM01982,POL0148,CLT038,2025-03-15,2025-04-15,551,523,encaissée,2025-03-19
PRM01983,POL0148,CLT038,2025-04-15,2025-05-15,551,523,encaissée,2025-04-30
PRM01984,POL0148,CLT038,2025-05-15,2025-06-15,551,523,encaissée,2025-05-23
PRM01985,POL0148,CLT038,2025-06-15,2025-07-15,551,523,encaissée,2025-06-23
PRM01986,POL0148,CLT038,2025-07-15,2025-08-15,551,523,encaissée,2025-07-24
PRM01987,POL0148,CLT038,2025-08-15,2025-09-15,551,523,encaissée,2025-08-23
PRM01988,POL0148,CLT038,2025-09-15,2025-10-15,551,523,encaissée,2025-09-30
PRM01989,POL0148,CLT038,2025-10-15,2025-11-15,551,523,encaissée,2025-10-18
PRM01990,POL0148,CLT038,2025-11-15,2025-12-15,551,523,encaissée,2025-11-23
PRM01991,POL0148,CLT038,2025-12-15,2026-01-15,551,523,encaissée,2025-12-16
PRM01992,POL0148,CLT038,2026-01-15,2026-02-15,551,523,encaissée,2026-01-30
PRM01993,POL0148,CLT038,2026-02-15,2026-03-15,551,523,encaissée,2026-02-18
PRM01994,POL0148,CLT038,2026-03-15,2026-04-15,551,523,encaissée,2026-03-30
PRM01995,POL0148,CLT038,2026-04-15,2026-05-15,551,523,encaissée,2026-04-22
PRM01996,POL0149,CLT039,2024-11-08,2024-12-08,1808,1718,encaissée,2024-11-23
PRM01997,POL0149,CLT039,2024-12-08,2025-01-08,1808,1718,encaissée,2024-12-10
PRM01998,POL0149,CLT039,2025-01-08,2025-02-08,1808,1718,encaissée,2025-01-13
PRM01999,POL0149,CLT039,2025-02-08,2025-03-08,1808,1718,encaissée,2025-02-19
PRM02000,POL0149,CLT039,2025-03-08,2025-04-08,1808,1718,encaissée,2025-03-14
PRM02001,POL0149,CLT039,2025-04-08,2025-05-08,1808,1718,encaissée,2025-04-22
PRM02002,POL0149,CLT039,2025-05-08,2025-06-08,1808,1718,encaissée,2025-05-11
PRM02003,POL0149,CLT039,2025-06-08,2025-07-08,1808,1718,encaissée,2025-06-11
PRM02004,POL0149,CLT039,2025-07-08,2025-08-08,1808,1718,encaissée,2025-07-17
PRM02005,POL0149,CLT039,2025-08-08,2025-09-08,1808,1718,encaissée,2025-08-19
PRM02006,POL0149,CLT039,2025-09-08,2025-10-08,1808,1718,encaissée,2025-09-19
PRM02007,POL0149,CLT039,2025-10-08,2025-11-08,1808,1718,encaissée,2025-10-20
PRM02008,POL0149,CLT039,2025-11-08,2025-12-08,1808,1718,encaissée,2025-11-21
PRM02009,POL0149,CLT039,2025-12-08,2026-01-08,1808,1718,encaissée,2025-12-23
PRM02010,POL0149,CLT039,2026-01-08,2026-02-08,1808,1718,encaissée,2026-01-14
PRM02011,POL0149,CLT039,2026-02-08,2026-03-08,1808,1718,encaissée,2026-02-12
PRM02012,POL0149,CLT039,2026-03-08,2026-04-08,1808,1718,encaissée,2026-03-17
PRM02013,POL0149,CLT039,2026-04-08,2026-05-08,1808,1718,encaissée,2026-04-17
PRM02014,POL0150,CLT039,2025-02-26,2025-03-26,396,376,encaissée,2025-03-07
PRM02015,POL0150,CLT039,2025-03-26,2025-04-26,396,376,encaissée,2025-03-28
PRM02016,POL0150,CLT039,2025-04-26,2025-05-26,396,376,encaissée,2025-04-28
PRM02017,POL0150,CLT039,2025-05-26,2025-06-26,396,376,encaissée,2025-06-08
PRM02018,POL0150,CLT039,2025-06-26,2025-07-26,396,376,encaissée,2025-07-08
PRM02019,POL0150,CLT039,2025-07-26,2025-08-26,396,376,encaissée,2025-07-28
PRM02020,POL0150,CLT039,2025-08-26,2025-09-26,396,376,encaissée,2025-09-09
PRM02021,POL0150,CLT039,2025-09-26,2025-10-26,396,376,encaissée,2025-10-09
PRM02022,POL0150,CLT039,2025-10-26,2025-11-26,396,376,encaissée,2025-10-28
PRM02023,POL0150,CLT039,2025-11-26,2025-12-26,396,376,encaissée,2025-11-28
PRM02024,POL0150,CLT039,2025-12-26,2026-01-26,396,376,encaissée,2026-01-02
PRM02025,POL0150,CLT039,2026-01-26,2026-02-26,396,376,encaissée,2026-02-09
PRM02026,POL0150,CLT039,2026-02-26,2026-03-26,396,376,encaissée,2026-03-02
PRM02027,POL0150,CLT039,2026-03-26,2026-04-26,396,376,encaissée,2026-03-28
PRM02028,POL0150,CLT039,2026-04-26,2026-05-26,396,376,encaissée,2026-04-27
PRM02029,POL0151,CLT040,2024-11-25,2024-12-25,161,153,encaissée,2024-11-26
PRM02030,POL0151,CLT040,2024-12-25,2025-01-25,161,153,encaissée,2025-01-07
PRM02031,POL0151,CLT040,2025-01-25,2025-02-25,161,153,encaissée,2025-01-26
PRM02032,POL0151,CLT040,2025-02-25,2025-03-25,161,153,encaissée,2025-02-26
PRM02033,POL0151,CLT040,2025-03-25,2025-04-25,161,153,encaissée,2025-04-06
PRM02034,POL0151,CLT040,2025-04-25,2025-05-25,161,153,encaissée,2025-05-04
PRM02035,POL0151,CLT040,2025-05-25,2025-06-25,161,153,encaissée,2025-06-01
PRM02036,POL0151,CLT040,2025-06-25,2025-07-25,161,153,encaissée,2025-06-30
PRM02037,POL0151,CLT040,2025-07-25,2025-08-25,161,153,encaissée,2025-08-02
PRM02038,POL0151,CLT040,2025-08-25,2025-09-25,161,153,encaissée,2025-09-08
PRM02039,POL0151,CLT040,2025-09-25,2025-10-25,161,153,encaissée,2025-09-30
PRM02040,POL0151,CLT040,2025-10-25,2025-11-25,161,153,encaissée,2025-11-04
PRM02041,POL0151,CLT040,2025-11-25,2025-12-25,161,153,encaissée,2025-11-28
PRM02042,POL0151,CLT040,2025-12-25,2026-01-25,161,153,encaissée,2026-01-07
PRM02043,POL0151,CLT040,2026-01-25,2026-02-25,161,153,encaissée,2026-02-03
PRM02044,POL0151,CLT040,2026-02-25,2026-03-25,161,153,encaissée,2026-02-26
PRM02045,POL0151,CLT040,2026-03-25,2026-04-25,161,153,encaissée,2026-03-30
PRM02046,POL0151,CLT040,2026-04-25,2026-05-25,161,153,encaissée,2026-05-04
PRM02047,POL0152,CLT040,2024-11-12,2024-12-12,1282,1218,encaissée,2024-11-16
PRM02048,POL0152,CLT040,2024-12-12,2025-01-12,1282,1218,encaissée,2024-12-27
PRM02049,POL0152,CLT040,2025-01-12,2025-02-12,1282,1218,encaissée,2025-01-17
PRM02050,POL0152,CLT040,2025-02-12,2025-03-12,1282,1218,encaissée,2025-02-22
PRM02051,POL0152,CLT040,2025-03-12,2025-04-12,1282,1218,encaissée,2025-03-14
PRM02052,POL0152,CLT040,2025-04-12,2025-05-12,1282,1218,encaissée,2025-04-20
PRM02053,POL0152,CLT040,2025-05-12,2025-06-12,1282,1218,encaissée,2025-05-23
PRM02054,POL0152,CLT040,2025-06-12,2025-07-12,1282,1218,encaissée,2025-06-19
PRM02055,POL0152,CLT040,2025-07-12,2025-08-12,1282,1218,encaissée,2025-07-14
PRM02056,POL0152,CLT040,2025-08-12,2025-09-12,1282,1218,encaissée,2025-08-22
PRM02057,POL0152,CLT040,2025-09-12,2025-10-12,1282,1218,encaissée,2025-09-16
PRM02058,POL0152,CLT040,2025-10-12,2025-11-12,1282,1218,encaissée,2025-10-26
PRM02059,POL0152,CLT040,2025-11-12,2025-12-12,1282,1218,encaissée,2025-11-15
PRM02060,POL0152,CLT040,2025-12-12,2026-01-12,1282,1218,encaissée,2025-12-25
PRM02061,POL0152,CLT040,2026-01-12,2026-02-12,1282,1218,encaissée,2026-01-27
PRM02062,POL0152,CLT040,2026-02-12,2026-03-12,1282,1218,encaissée,2026-02-13
PRM02063,POL0152,CLT040,2026-03-12,2026-04-12,1282,1218,encaissée,2026-03-17
PRM02064,POL0152,CLT040,2026-04-12,2026-05-12,1282,1218,encaissée,2026-04-23
PRM02065,POL0153,CLT041,2026-01-01,2026-02-01,953,905,encaissée,2026-01-06
PRM02066,POL0153,CLT041,2026-02-01,2026-03-01,953,905,encaissée,2026-02-04
PRM02067,POL0153,CLT041,2026-03-01,2026-04-01,953,905,encaissée,2026-03-12
PRM02068,POL0153,CLT041,2026-04-01,2026-05-01,953,905,encaissée,2026-04-15
PRM02069,POL0153,CLT041,2026-05-01,2026-06-01,953,905,encaissée,2026-05-04
PRM02070,POL0154,CLT041,2025-10-03,2025-11-03,827,786,encaissée,2025-10-04
PRM02071,POL0154,CLT041,2025-11-03,2025-12-03,827,786,encaissée,2025-11-04
PRM02072,POL0154,CLT041,2025-12-03,2026-01-03,827,786,encaissée,2025-12-10
PRM02073,POL0154,CLT041,2026-01-03,2026-02-03,827,786,encaissée,2026-01-17
PRM02074,POL0154,CLT041,2026-02-03,2026-03-03,827,786,encaissée,2026-02-18
PRM02075,POL0154,CLT041,2026-03-03,2026-04-03,827,786,encaissée,2026-03-08
PRM02076,POL0154,CLT041,2026-04-03,2026-05-03,827,786,encaissée,2026-04-14
PRM02077,POL0155,CLT041,2026-03-24,2026-04-24,1052,999,encaissée,2026-04-05
PRM02078,POL0155,CLT041,2026-04-24,2026-05-24,1052,999,encaissée,2026-05-08
PRM02079,POL0156,CLT041,2025-08-16,2025-09-16,1733,1646,encaissée,2025-08-20
PRM02080,POL0156,CLT041,2025-09-16,2025-10-16,1733,1646,encaissée,2025-09-30
PRM02081,POL0156,CLT041,2025-10-16,2025-11-16,1733,1646,encaissée,2025-10-30
PRM02082,POL0156,CLT041,2025-11-16,2025-12-16,1733,1646,encaissée,2025-11-28
PRM02083,POL0156,CLT041,2025-12-16,2026-01-16,1733,1646,encaissée,2025-12-27
PRM02084,POL0156,CLT041,2026-01-16,2026-02-16,1733,1646,encaissée,2026-01-24
PRM02085,POL0156,CLT041,2026-02-16,2026-03-16,1733,1646,encaissée,2026-03-02
PRM02086,POL0156,CLT041,2026-03-16,2026-04-16,1733,1646,encaissée,2026-03-19
PRM02087,POL0156,CLT041,2026-04-16,2026-05-16,1733,1646,encaissée,2026-04-18
PRM02088,POL0157,CLT041,2024-12-01,2025-01-01,2077,1973,encaissée,2024-12-08
PRM02089,POL0157,CLT041,2025-01-01,2025-02-01,2077,1973,encaissée,2025-01-15
PRM02090,POL0157,CLT041,2025-02-01,2025-03-01,2077,1973,encaissée,2025-02-14
PRM02091,POL0157,CLT041,2025-03-01,2025-04-01,2077,1973,encaissée,2025-03-07
PRM02092,POL0157,CLT041,2025-04-01,2025-05-01,2077,1973,encaissée,2025-04-10
PRM02093,POL0157,CLT041,2025-05-01,2025-06-01,2077,1973,encaissée,2025-05-02
PRM02094,POL0157,CLT041,2025-06-01,2025-07-01,2077,1973,encaissée,2025-06-03
PRM02095,POL0157,CLT041,2025-07-01,2025-08-01,2077,1973,encaissée,2025-07-11
PRM02096,POL0157,CLT041,2025-08-01,2025-09-01,2077,1973,encaissée,2025-08-02
PRM02097,POL0157,CLT041,2025-09-01,2025-10-01,2077,1973,encaissée,2025-09-06
PRM02098,POL0157,CLT041,2025-10-01,2025-11-01,2077,1973,encaissée,2025-10-07
PRM02099,POL0157,CLT041,2025-11-01,2025-12-01,2077,1973,encaissée,2025-11-10
PRM02100,POL0157,CLT041,2025-12-01,2026-01-01,2077,1973,encaissée,2025-12-11
PRM02101,POL0157,CLT041,2026-01-01,2026-02-01,2077,1973,encaissée,2026-01-13
PRM02102,POL0157,CLT041,2026-02-01,2026-03-01,2077,1973,encaissée,2026-02-02
PRM02103,POL0157,CLT041,2026-03-01,2026-04-01,2077,1973,encaissée,2026-03-13
PRM02104,POL0157,CLT041,2026-04-01,2026-05-01,2077,1973,encaissée,2026-04-14
PRM02105,POL0157,CLT041,2026-05-01,2026-06-01,2077,1973,encaissée,2026-05-07
PRM02106,POL0158,CLT041,2025-03-20,2025-04-20,921,875,encaissée,2025-03-28
PRM02107,POL0158,CLT041,2025-04-20,2025-05-20,921,875,encaissée,2025-04-30
PRM02108,POL0158,CLT041,2025-05-20,2025-06-20,921,875,encaissée,2025-05-30
PRM02109,POL0158,CLT041,2025-06-20,2025-07-20,921,875,encaissée,2025-06-27
PRM02110,POL0158,CLT041,2025-07-20,2025-08-20,921,875,encaissée,2025-07-31
PRM02111,POL0158,CLT041,2025-08-20,2025-09-20,921,875,encaissée,2025-08-21
PRM02112,POL0158,CLT041,2025-09-20,2025-10-20,921,875,encaissée,2025-09-28
PRM02113,POL0158,CLT041,2025-10-20,2025-11-20,921,875,encaissée,2025-10-22
PRM02114,POL0158,CLT041,2025-11-20,2025-12-20,921,875,encaissée,2025-11-22
PRM02115,POL0158,CLT041,2025-12-20,2026-01-20,921,875,encaissée,2025-12-27
PRM02116,POL0158,CLT041,2026-01-20,2026-02-20,921,875,encaissée,2026-01-26
PRM02117,POL0158,CLT041,2026-02-20,2026-03-20,921,875,encaissée,2026-03-05
PRM02118,POL0158,CLT041,2026-03-20,2026-04-20,921,875,encaissée,2026-03-21
PRM02119,POL0158,CLT041,2026-04-20,2026-05-20,921,875,encaissée,2026-04-21
PRM02120,POL0159,CLT042,2024-08-09,2024-09-09,812,771,encaissée,2024-08-24
PRM02121,POL0159,CLT042,2024-09-09,2024-10-09,812,771,encaissée,2024-09-12
PRM02122,POL0159,CLT042,2024-10-09,2024-11-09,812,771,encaissée,2024-10-22
PRM02123,POL0159,CLT042,2024-11-09,2024-12-09,812,771,encaissée,2024-11-18
PRM02124,POL0159,CLT042,2024-12-09,2025-01-09,812,771,encaissée,2024-12-21
PRM02125,POL0159,CLT042,2025-01-09,2025-02-09,812,771,encaissée,2025-01-22
PRM02126,POL0159,CLT042,2025-02-09,2025-03-09,812,771,encaissée,2025-02-22
PRM02127,POL0159,CLT042,2025-03-09,2025-04-09,812,771,encaissée,2025-03-23
PRM02128,POL0159,CLT042,2025-04-09,2025-05-09,812,771,encaissée,2025-04-17
PRM02129,POL0159,CLT042,2025-05-09,2025-06-09,812,771,encaissée,2025-05-20
PRM02130,POL0159,CLT042,2025-06-09,2025-07-09,812,771,encaissée,2025-06-20
PRM02131,POL0159,CLT042,2025-07-09,2025-08-09,812,771,encaissée,2025-07-13
PRM02132,POL0159,CLT042,2025-08-09,2025-09-09,812,771,encaissée,2025-08-21
PRM02133,POL0159,CLT042,2025-09-09,2025-10-09,812,771,encaissée,2025-09-22
PRM02134,POL0159,CLT042,2025-10-09,2025-11-09,812,771,encaissée,2025-10-10
PRM02135,POL0159,CLT042,2025-11-09,2025-12-09,812,771,encaissée,2025-11-15
PRM02136,POL0159,CLT042,2025-12-09,2026-01-09,812,771,encaissée,2025-12-10
PRM02137,POL0159,CLT042,2026-01-09,2026-02-09,812,771,encaissée,2026-01-17
PRM02138,POL0159,CLT042,2026-02-09,2026-03-09,812,771,encaissée,2026-02-21
PRM02139,POL0159,CLT042,2026-03-09,2026-04-09,812,771,encaissée,2026-03-19
PRM02140,POL0159,CLT042,2026-04-09,2026-05-09,812,771,encaissée,2026-04-13
PRM02141,POL0160,CLT042,2025-01-17,2025-02-17,670,637,encaissée,2025-01-31
PRM02142,POL0160,CLT042,2025-02-17,2025-03-17,670,637,encaissée,2025-02-28
PRM02143,POL0160,CLT042,2025-03-17,2025-04-17,670,637,encaissée,2025-03-18
PRM02144,POL0160,CLT042,2025-04-17,2025-05-17,670,637,encaissée,2025-04-24
PRM02145,POL0160,CLT042,2025-05-17,2025-06-17,670,637,encaissée,2025-05-18
PRM02146,POL0160,CLT042,2025-06-17,2025-07-17,670,637,encaissée,2025-06-20
PRM02147,POL0160,CLT042,2025-07-17,2025-08-17,670,637,encaissée,2025-07-26
PRM02148,POL0160,CLT042,2025-08-17,2025-09-17,670,637,encaissée,2025-09-01
PRM02149,POL0160,CLT042,2025-09-17,2025-10-17,670,637,encaissée,2025-09-22
PRM02150,POL0160,CLT042,2025-10-17,2025-11-17,670,637,encaissée,2025-10-28
PRM02151,POL0160,CLT042,2025-11-17,2025-12-17,670,637,encaissée,2025-12-01
PRM02152,POL0160,CLT042,2025-12-17,2026-01-17,670,637,encaissée,2025-12-24
PRM02153,POL0160,CLT042,2026-01-17,2026-02-17,670,637,encaissée,2026-01-30
PRM02154,POL0160,CLT042,2026-02-17,2026-03-17,670,637,encaissée,2026-03-01
PRM02155,POL0160,CLT042,2026-03-17,2026-04-17,670,637,encaissée,2026-03-27
PRM02156,POL0160,CLT042,2026-04-17,2026-05-17,670,637,encaissée,2026-04-22
PRM02157,POL0161,CLT043,2025-08-15,2025-09-15,1001,951,encaissée,2025-08-23
PRM02158,POL0161,CLT043,2025-09-15,2025-10-15,1001,951,encaissée,2025-09-30
PRM02159,POL0161,CLT043,2025-10-15,2025-11-15,1001,951,encaissée,2025-10-18
PRM02160,POL0161,CLT043,2025-11-15,2025-12-15,1001,951,encaissée,2025-11-21
PRM02161,POL0161,CLT043,2025-12-15,2026-01-15,1001,951,encaissée,2025-12-30
PRM02162,POL0161,CLT043,2026-01-15,2026-02-15,1001,951,encaissée,2026-01-20
PRM02163,POL0161,CLT043,2026-02-15,2026-03-15,1001,951,encaissée,2026-02-28
PRM02164,POL0161,CLT043,2026-03-15,2026-04-15,1001,951,encaissée,2026-03-24
PRM02165,POL0161,CLT043,2026-04-15,2026-05-15,1001,951,encaissée,2026-04-20
PRM02166,POL0162,CLT043,2025-10-07,2025-11-07,1337,1270,encaissée,2025-10-19
PRM02167,POL0162,CLT043,2025-11-07,2025-12-07,1337,1270,encaissée,2025-11-15
PRM02168,POL0162,CLT043,2025-12-07,2026-01-07,1337,1270,encaissée,2025-12-11
PRM02169,POL0162,CLT043,2026-01-07,2026-02-07,1337,1270,encaissée,2026-01-21
PRM02170,POL0162,CLT043,2026-02-07,2026-03-07,1337,1270,encaissée,2026-02-09
PRM02171,POL0162,CLT043,2026-03-07,2026-04-07,1337,1270,encaissée,2026-03-17
PRM02172,POL0162,CLT043,2026-04-07,2026-05-07,1337,1270,encaissée,2026-04-09
PRM02173,POL0163,CLT044,2024-10-24,2024-11-24,1749,1662,encaissée,2024-11-08
PRM02174,POL0163,CLT044,2024-11-24,2024-12-24,1749,1662,encaissée,2024-11-26
PRM02175,POL0163,CLT044,2024-12-24,2025-01-24,1749,1662,encaissée,2025-01-08
PRM02176,POL0163,CLT044,2025-01-24,2025-02-24,1749,1662,encaissée,2025-02-01
PRM02177,POL0163,CLT044,2025-02-24,2025-03-24,1749,1662,encaissée,2025-03-05
PRM02178,POL0163,CLT044,2025-03-24,2025-04-24,1749,1662,encaissée,2025-03-27
PRM02179,POL0163,CLT044,2025-04-24,2025-05-24,1749,1662,encaissée,2025-04-27
PRM02180,POL0163,CLT044,2025-05-24,2025-06-24,1749,1662,encaissée,2025-05-31
PRM02181,POL0163,CLT044,2025-06-24,2025-07-24,1749,1662,encaissée,2025-06-30
PRM02182,POL0163,CLT044,2025-07-24,2025-08-24,1749,1662,encaissée,2025-07-25
PRM02183,POL0163,CLT044,2025-08-24,2025-09-24,1749,1662,encaissée,2025-08-28
PRM02184,POL0163,CLT044,2025-09-24,2025-10-24,1749,1662,encaissée,2025-09-28
PRM02185,POL0163,CLT044,2025-10-24,2025-11-24,1749,1662,encaissée,2025-10-27
PRM02186,POL0163,CLT044,2025-11-24,2025-12-24,1749,1662,encaissée,2025-11-26
PRM02187,POL0163,CLT044,2025-12-24,2026-01-24,1749,1662,encaissée,2026-01-04
PRM02188,POL0163,CLT044,2026-01-24,2026-02-24,1749,1662,encaissée,2026-02-03
PRM02189,POL0163,CLT044,2026-02-24,2026-03-24,1749,1662,encaissée,2026-03-09
PRM02190,POL0163,CLT044,2026-03-24,2026-04-24,1749,1662,encaissée,2026-03-31
PRM02191,POL0163,CLT044,2026-04-24,2026-05-24,1749,1662,encaissée,2026-04-29
PRM02192,POL0164,CLT044,2025-08-19,2025-09-19,1318,1252,encaissée,2025-08-25
PRM02193,POL0164,CLT044,2025-09-19,2025-10-19,1318,1252,encaissée,2025-09-22
PRM02194,POL0164,CLT044,2025-10-19,2025-11-19,1318,1252,encaissée,2025-10-26
PRM02195,POL0164,CLT044,2025-11-19,2025-12-19,1318,1252,encaissée,2025-12-04
PRM02196,POL0164,CLT044,2025-12-19,2026-01-19,1318,1252,encaissée,2025-12-27
PRM02197,POL0164,CLT044,2026-01-19,2026-02-19,1318,1252,encaissée,2026-01-31
PRM02198,POL0164,CLT044,2026-02-19,2026-03-19,1318,1252,encaissée,2026-02-27
PRM02199,POL0164,CLT044,2026-03-19,2026-04-19,1318,1252,encaissée,2026-03-27
PRM02200,POL0164,CLT044,2026-04-19,2026-05-19,1318,1252,encaissée,2026-05-01
PRM02201,POL0165,CLT045,2025-11-05,2025-12-05,2062,1959,encaissée,2025-11-17
PRM02202,POL0165,CLT045,2025-12-05,2026-01-05,2062,1959,encaissée,2025-12-09
PRM02203,POL0165,CLT045,2026-01-05,2026-02-05,2062,1959,encaissée,2026-01-15
PRM02204,POL0165,CLT045,2026-02-05,2026-03-05,2062,1959,encaissée,2026-02-19
PRM02205,POL0165,CLT045,2026-03-05,2026-04-05,2062,1959,encaissée,2026-03-11
PRM02206,POL0165,CLT045,2026-04-05,2026-05-05,2062,1959,encaissée,2026-04-12
PRM02207,POL0166,CLT045,2026-02-07,2026-03-07,940,893,encaissée,2026-02-17
PRM02208,POL0166,CLT045,2026-03-07,2026-04-07,940,893,encaissée,2026-03-19
PRM02209,POL0166,CLT045,2026-04-07,2026-05-07,940,893,encaissée,2026-04-09
PRM02210,POL0167,CLT045,2025-10-17,2025-11-17,437,415,encaissée,2025-10-29
PRM02211,POL0167,CLT045,2025-11-17,2025-12-17,437,415,encaissée,2025-11-19
PRM02212,POL0167,CLT045,2025-12-17,2026-01-17,437,415,encaissée,2026-01-01
PRM02213,POL0167,CLT045,2026-01-17,2026-02-17,437,415,encaissée,2026-01-30
PRM02214,POL0167,CLT045,2026-02-17,2026-03-17,437,415,encaissée,2026-02-20
PRM02215,POL0167,CLT045,2026-03-17,2026-04-17,437,415,encaissée,2026-03-31
PRM02216,POL0167,CLT045,2026-04-17,2026-05-17,437,415,encaissée,2026-04-27
PRM02217,POL0168,CLT046,2025-05-20,2025-06-20,673,639,encaissée,2025-05-24
PRM02218,POL0168,CLT046,2025-06-20,2025-07-20,673,639,encaissée,2025-06-25
PRM02219,POL0168,CLT046,2025-07-20,2025-08-20,673,639,encaissée,2025-07-28
PRM02220,POL0168,CLT046,2025-08-20,2025-09-20,673,639,encaissée,2025-09-01
PRM02221,POL0168,CLT046,2025-09-20,2025-10-20,673,639,encaissée,2025-09-29
PRM02222,POL0168,CLT046,2025-10-20,2025-11-20,673,639,encaissée,2025-11-03
PRM02223,POL0168,CLT046,2025-11-20,2025-12-20,673,639,encaissée,2025-11-23
PRM02224,POL0168,CLT046,2025-12-20,2026-01-20,673,639,encaissée,2026-01-03
PRM02225,POL0168,CLT046,2026-01-20,2026-02-20,673,639,encaissée,2026-01-26
PRM02226,POL0168,CLT046,2026-02-20,2026-03-20,673,639,encaissée,2026-02-21
PRM02227,POL0168,CLT046,2026-03-20,2026-04-20,673,639,encaissée,2026-03-28
PRM02228,POL0168,CLT046,2026-04-20,2026-05-20,673,639,encaissée,2026-04-29
PRM02229,POL0169,CLT046,2024-06-03,2024-07-03,1306,1241,encaissée,2024-06-09
PRM02230,POL0169,CLT046,2024-07-03,2024-08-03,1306,1241,encaissée,2024-07-04
PRM02231,POL0169,CLT046,2024-08-03,2024-09-03,1306,1241,encaissée,2024-08-18
PRM02232,POL0169,CLT046,2024-09-03,2024-10-03,1306,1241,encaissée,2024-09-16
PRM02233,POL0169,CLT046,2024-10-03,2024-11-03,1306,1241,encaissée,2024-10-17
PRM02234,POL0169,CLT046,2024-11-03,2024-12-03,1306,1241,encaissée,2024-11-17
PRM02235,POL0169,CLT046,2024-12-03,2025-01-03,1306,1241,encaissée,2024-12-18
PRM02236,POL0169,CLT046,2025-01-03,2025-02-03,1306,1241,encaissée,2025-01-04
PRM02237,POL0169,CLT046,2025-02-03,2025-03-03,1306,1241,encaissée,2025-02-16
PRM02238,POL0169,CLT046,2025-03-03,2025-04-03,1306,1241,encaissée,2025-03-13
PRM02239,POL0169,CLT046,2025-04-03,2025-05-03,1306,1241,encaissée,2025-04-04
PRM02240,POL0169,CLT046,2025-05-03,2025-06-03,1306,1241,encaissée,2025-05-04
PRM02241,POL0169,CLT046,2025-06-03,2025-07-03,1306,1241,encaissée,2025-06-14
PRM02242,POL0169,CLT046,2025-07-03,2025-08-03,1306,1241,encaissée,2025-07-06
PRM02243,POL0169,CLT046,2025-08-03,2025-09-03,1306,1241,encaissée,2025-08-10
PRM02244,POL0169,CLT046,2025-09-03,2025-10-03,1306,1241,encaissée,2025-09-12
PRM02245,POL0169,CLT046,2025-10-03,2025-11-03,1306,1241,encaissée,2025-10-13
PRM02246,POL0169,CLT046,2025-11-03,2025-12-03,1306,1241,encaissée,2025-11-09
PRM02247,POL0169,CLT046,2025-12-03,2026-01-03,1306,1241,encaissée,2025-12-15
PRM02248,POL0169,CLT046,2026-01-03,2026-02-03,1306,1241,encaissée,2026-01-04
PRM02249,POL0169,CLT046,2026-02-03,2026-03-03,1306,1241,encaissée,2026-02-06
PRM02250,POL0169,CLT046,2026-03-03,2026-04-03,1306,1241,encaissée,2026-03-16
PRM02251,POL0169,CLT046,2026-04-03,2026-05-03,1306,1241,encaissée,2026-04-16
PRM02252,POL0170,CLT046,2024-10-01,2024-11-01,205,195,encaissée,2024-10-11
PRM02253,POL0170,CLT046,2024-11-01,2024-12-01,205,195,encaissée,2024-11-09
PRM02254,POL0170,CLT046,2024-12-01,2025-01-01,205,195,encaissée,2024-12-14
PRM02255,POL0170,CLT046,2025-01-01,2025-02-01,205,195,encaissée,2025-01-15
PRM02256,POL0170,CLT046,2025-02-01,2025-03-01,205,195,encaissée,2025-02-15
PRM02257,POL0170,CLT046,2025-03-01,2025-04-01,205,195,encaissée,2025-03-02
PRM02258,POL0170,CLT046,2025-04-01,2025-05-01,205,195,encaissée,2025-04-02
PRM02259,POL0170,CLT046,2025-05-01,2025-06-01,205,195,encaissée,2025-05-09
PRM02260,POL0170,CLT046,2025-06-01,2025-07-01,205,195,encaissée,2025-06-05
PRM02261,POL0170,CLT046,2025-07-01,2025-08-01,205,195,encaissée,2025-07-11
PRM02262,POL0170,CLT046,2025-08-01,2025-09-01,205,195,encaissée,2025-08-16
PRM02263,POL0170,CLT046,2025-09-01,2025-10-01,205,195,encaissée,2025-09-02
PRM02264,POL0170,CLT046,2025-10-01,2025-11-01,205,195,encaissée,2025-10-14
PRM02265,POL0170,CLT046,2025-11-01,2025-12-01,205,195,encaissée,2025-11-14
PRM02266,POL0170,CLT046,2025-12-01,2026-01-01,205,195,encaissée,2025-12-10
PRM02267,POL0170,CLT046,2026-01-01,2026-02-01,205,195,encaissée,2026-01-04
PRM02268,POL0170,CLT046,2026-02-01,2026-03-01,205,195,encaissée,2026-02-11
PRM02269,POL0170,CLT046,2026-03-01,2026-04-01,205,195,encaissée,2026-03-09
PRM02270,POL0170,CLT046,2026-04-01,2026-05-01,205,195,encaissée,2026-04-09
PRM02271,POL0170,CLT046,2026-05-01,2026-06-01,205,195,encaissée,2026-05-14
PRM02272,POL0171,CLT046,2025-08-09,2025-09-09,1348,1281,encaissée,2025-08-14
PRM02273,POL0171,CLT046,2025-09-09,2025-10-09,1348,1281,encaissée,2025-09-21
PRM02274,POL0171,CLT046,2025-10-09,2025-11-09,1348,1281,encaissée,2025-10-15
PRM02275,POL0171,CLT046,2025-11-09,2025-12-09,1348,1281,encaissée,2025-11-10
PRM02276,POL0171,CLT046,2025-12-09,2026-01-09,1348,1281,encaissée,2025-12-14
PRM02277,POL0171,CLT046,2026-01-09,2026-02-09,1348,1281,encaissée,2026-01-24
PRM02278,POL0171,CLT046,2026-02-09,2026-03-09,1348,1281,encaissée,2026-02-22
PRM02279,POL0171,CLT046,2026-03-09,2026-04-09,1348,1281,encaissée,2026-03-16
PRM02280,POL0171,CLT046,2026-04-09,2026-05-09,1348,1281,encaissée,2026-04-17
PRM02281,POL0172,CLT046,2025-10-28,2025-11-28,1106,1051,encaissée,2025-11-06
PRM02282,POL0172,CLT046,2025-11-28,2025-12-28,1106,1051,encaissée,2025-11-30
PRM02283,POL0172,CLT046,2025-12-28,2026-01-28,1106,1051,encaissée,2026-01-03
PRM02284,POL0172,CLT046,2026-01-28,2026-02-28,1106,1051,encaissée,2026-02-01
PRM02285,POL0172,CLT046,2026-02-28,2026-03-28,1106,1051,encaissée,2026-03-05
PRM02286,POL0172,CLT046,2026-03-28,2026-04-28,1106,1051,encaissée,2026-04-03
PRM02287,POL0172,CLT046,2026-04-28,2026-05-28,1106,1051,encaissée,2026-05-10
PRM02288,POL0173,CLT047,2025-07-29,2025-08-29,1817,1726,encaissée,2025-08-12
PRM02289,POL0173,CLT047,2025-08-29,2025-09-29,1817,1726,encaissée,2025-09-09
PRM02290,POL0173,CLT047,2025-09-29,2025-10-29,1817,1726,encaissée,2025-10-08
PRM02291,POL0173,CLT047,2025-10-29,2025-11-29,1817,1726,encaissée,2025-11-02
PRM02292,POL0173,CLT047,2025-11-29,2025-12-29,1817,1726,encaissée,2025-12-05
PRM02293,POL0173,CLT047,2025-12-29,2026-01-29,1817,1726,encaissée,2026-01-02
PRM02294,POL0173,CLT047,2026-01-29,2026-03-01,1817,1726,encaissée,2026-02-04
PRM02295,POL0173,CLT047,2026-03-01,2026-04-01,1817,1726,encaissée,2026-03-06
PRM02296,POL0173,CLT047,2026-03-29,2026-04-29,1817,1726,encaissée,2026-04-12
PRM02297,POL0173,CLT047,2026-04-29,2026-05-29,1817,1726,encaissée,2026-05-12
PRM02298,POL0174,CLT047,2024-12-26,2025-01-26,1963,1865,encaissée,2024-12-31
PRM02299,POL0174,CLT047,2025-01-26,2025-02-26,1963,1865,encaissée,2025-01-31
PRM02300,POL0174,CLT047,2025-02-26,2025-03-26,1963,1865,encaissée,2025-03-08
PRM02301,POL0174,CLT047,2025-03-26,2025-04-26,1963,1865,encaissée,2025-04-10
PRM02302,POL0174,CLT047,2025-04-26,2025-05-26,1963,1865,encaissée,2025-04-30
PRM02303,POL0174,CLT047,2025-05-26,2025-06-26,1963,1865,encaissée,2025-06-06
PRM02304,POL0174,CLT047,2025-06-26,2025-07-26,1963,1865,encaissée,2025-07-01
PRM02305,POL0174,CLT047,2025-07-26,2025-08-26,1963,1865,encaissée,2025-07-29
PRM02306,POL0174,CLT047,2025-08-26,2025-09-26,1963,1865,encaissée,2025-09-09
PRM02307,POL0174,CLT047,2025-09-26,2025-10-26,1963,1865,encaissée,2025-09-27
PRM02308,POL0174,CLT047,2025-10-26,2025-11-26,1963,1865,encaissée,2025-11-03
PRM02309,POL0174,CLT047,2025-11-26,2025-12-26,1963,1865,encaissée,2025-12-03
PRM02310,POL0174,CLT047,2025-12-26,2026-01-26,1963,1865,encaissée,2026-01-05
PRM02311,POL0174,CLT047,2026-01-26,2026-02-26,1963,1865,encaissée,2026-02-05
PRM02312,POL0174,CLT047,2026-02-26,2026-03-26,1963,1865,encaissée,2026-03-09
PRM02313,POL0174,CLT047,2026-03-26,2026-04-26,1963,1865,encaissée,2026-04-03
PRM02314,POL0174,CLT047,2026-04-26,2026-05-26,1963,1865,encaissée,2026-05-01
PRM02315,POL0175,CLT047,2025-05-31,2025-07-01,1359,1291,encaissée,2025-06-12
PRM02316,POL0175,CLT047,2025-07-01,2025-08-01,1359,1291,encaissée,2025-07-08
PRM02317,POL0175,CLT047,2025-07-31,2025-08-31,1359,1291,encaissée,2025-08-06
PRM02318,POL0175,CLT047,2025-08-31,2025-10-01,1359,1291,encaissée,2025-09-07
PRM02319,POL0175,CLT047,2025-10-01,2025-11-01,1359,1291,encaissée,2025-10-13
PRM02320,POL0175,CLT047,2025-10-31,2025-12-01,1359,1291,encaissée,2025-11-04
PRM02321,POL0175,CLT047,2025-12-01,2026-01-01,1359,1291,encaissée,2025-12-15
PRM02322,POL0175,CLT047,2025-12-31,2026-01-31,1359,1291,encaissée,2026-01-09
PRM02323,POL0175,CLT047,2026-01-31,2026-03-03,1359,1291,encaissée,2026-02-04
PRM02324,POL0175,CLT047,2026-03-03,2026-04-03,1359,1291,encaissée,2026-03-13
PRM02325,POL0175,CLT047,2026-03-31,2026-05-01,1359,1291,encaissée,2026-04-13
PRM02326,POL0175,CLT047,2026-05-01,2026-06-01,1359,1291,encaissée,2026-05-13
PRM02327,POL0176,CLT047,2025-10-14,2025-11-14,1669,1586,encaissée,2025-10-29
PRM02328,POL0176,CLT047,2025-11-14,2025-12-14,1669,1586,encaissée,2025-11-25
PRM02329,POL0176,CLT047,2025-12-14,2026-01-14,1669,1586,encaissée,2025-12-23
PRM02330,POL0176,CLT047,2026-01-14,2026-02-14,1669,1586,encaissée,2026-01-24
PRM02331,POL0176,CLT047,2026-02-14,2026-03-14,1669,1586,encaissée,2026-02-16
PRM02332,POL0176,CLT047,2026-03-14,2026-04-14,1669,1586,encaissée,2026-03-20
PRM02333,POL0176,CLT047,2026-04-14,2026-05-14,1669,1586,encaissée,2026-04-19
PRM02334,POL0177,CLT047,2026-02-08,2026-03-08,1791,1701,encaissée,2026-02-10
PRM02335,POL0177,CLT047,2026-03-08,2026-04-08,1791,1701,encaissée,2026-03-12
PRM02336,POL0177,CLT047,2026-04-08,2026-05-08,1791,1701,encaissée,2026-04-12
PRM02337,POL0178,CLT048,2024-09-29,2024-10-29,1839,1747,encaissée,2024-10-11
PRM02338,POL0178,CLT048,2024-10-29,2024-11-29,1839,1747,encaissée,2024-11-05
PRM02339,POL0178,CLT048,2024-11-29,2024-12-29,1839,1747,encaissée,2024-12-08
PRM02340,POL0178,CLT048,2024-12-29,2025-01-29,1839,1747,encaissée,2025-01-10
PRM02341,POL0178,CLT048,2025-01-29,2025-03-01,1839,1747,encaissée,2025-02-01
PRM02342,POL0178,CLT048,2025-03-01,2025-04-01,1839,1747,encaissée,2025-03-02
PRM02343,POL0178,CLT048,2025-03-29,2025-04-29,1839,1747,encaissée,2025-04-13
PRM02344,POL0178,CLT048,2025-04-29,2025-05-29,1839,1747,encaissée,2025-05-02
PRM02345,POL0178,CLT048,2025-05-29,2025-06-29,1839,1747,encaissée,2025-06-12
PRM02346,POL0178,CLT048,2025-06-29,2025-07-29,1839,1747,encaissée,2025-07-12
PRM02347,POL0178,CLT048,2025-07-29,2025-08-29,1839,1747,encaissée,2025-08-07
PRM02348,POL0178,CLT048,2025-08-29,2025-09-29,1839,1747,encaissée,2025-09-07
PRM02349,POL0178,CLT048,2025-09-29,2025-10-29,1839,1747,encaissée,2025-10-13
PRM02350,POL0178,CLT048,2025-10-29,2025-11-29,1839,1747,encaissée,2025-11-12
PRM02351,POL0178,CLT048,2025-11-29,2025-12-29,1839,1747,encaissée,2025-12-11
PRM02352,POL0178,CLT048,2025-12-29,2026-01-29,1839,1747,encaissée,2026-01-13
PRM02353,POL0178,CLT048,2026-01-29,2026-03-01,1839,1747,encaissée,2026-02-01
PRM02354,POL0178,CLT048,2026-03-01,2026-04-01,1839,1747,encaissée,2026-03-08
PRM02355,POL0178,CLT048,2026-03-29,2026-04-29,1839,1747,encaissée,2026-04-05
PRM02356,POL0178,CLT048,2026-04-29,2026-05-29,1839,1747,encaissée,2026-05-11
PRM02357,POL0179,CLT048,2025-05-24,2025-06-24,1885,1791,encaissée,2025-05-25
PRM02358,POL0179,CLT048,2025-06-24,2025-07-24,1885,1791,encaissée,2025-06-27
PRM02359,POL0179,CLT048,2025-07-24,2025-08-24,1885,1791,encaissée,2025-07-31
PRM02360,POL0179,CLT048,2025-08-24,2025-09-24,1885,1791,encaissée,2025-08-30
PRM02361,POL0179,CLT048,2025-09-24,2025-10-24,1885,1791,encaissée,2025-10-07
PRM02362,POL0179,CLT048,2025-10-24,2025-11-24,1885,1791,encaissée,2025-10-29
PRM02363,POL0179,CLT048,2025-11-24,2025-12-24,1885,1791,encaissée,2025-12-05
PRM02364,POL0179,CLT048,2025-12-24,2026-01-24,1885,1791,encaissée,2026-01-02
PRM02365,POL0179,CLT048,2026-01-24,2026-02-24,1885,1791,encaissée,2026-02-03
PRM02366,POL0179,CLT048,2026-02-24,2026-03-24,1885,1791,encaissée,2026-03-03
PRM02367,POL0179,CLT048,2026-03-24,2026-04-24,1885,1791,encaissée,2026-04-08
PRM02368,POL0179,CLT048,2026-04-24,2026-05-24,1885,1791,encaissée,2026-05-09
PRM02369,POL0180,CLT048,2024-10-04,2024-11-04,1221,1160,encaissée,2024-10-19
PRM02370,POL0180,CLT048,2024-11-04,2024-12-04,1221,1160,encaissée,2024-11-10
PRM02371,POL0180,CLT048,2024-12-04,2025-01-04,1221,1160,encaissée,2024-12-19
PRM02372,POL0180,CLT048,2025-01-04,2025-02-04,1221,1160,encaissée,2025-01-14
PRM02373,POL0180,CLT048,2025-02-04,2025-03-04,1221,1160,encaissée,2025-02-05
PRM02374,POL0180,CLT048,2025-03-04,2025-04-04,1221,1160,encaissée,2025-03-15
PRM02375,POL0180,CLT048,2025-04-04,2025-05-04,1221,1160,encaissée,2025-04-06
PRM02376,POL0180,CLT048,2025-05-04,2025-06-04,1221,1160,encaissée,2025-05-15
PRM02377,POL0180,CLT048,2025-06-04,2025-07-04,1221,1160,encaissée,2025-06-09
PRM02378,POL0180,CLT048,2025-07-04,2025-08-04,1221,1160,encaissée,2025-07-11
PRM02379,POL0180,CLT048,2025-08-04,2025-09-04,1221,1160,encaissée,2025-08-11
PRM02380,POL0180,CLT048,2025-09-04,2025-10-04,1221,1160,encaissée,2025-09-16
PRM02381,POL0180,CLT048,2025-10-04,2025-11-04,1221,1160,encaissée,2025-10-19
PRM02382,POL0180,CLT048,2025-11-04,2025-12-04,1221,1160,encaissée,2025-11-16
PRM02383,POL0180,CLT048,2025-12-04,2026-01-04,1221,1160,encaissée,2025-12-19
PRM02384,POL0180,CLT048,2026-01-04,2026-02-04,1221,1160,encaissée,2026-01-05
PRM02385,POL0180,CLT048,2026-02-04,2026-03-04,1221,1160,encaissée,2026-02-12
PRM02386,POL0180,CLT048,2026-03-04,2026-04-04,1221,1160,encaissée,2026-03-05
PRM02387,POL0180,CLT048,2026-04-04,2026-05-04,1221,1160,encaissée,2026-04-19
PRM02388,POL0181,CLT048,2024-10-26,2024-11-26,1569,1491,encaissée,2024-11-07
PRM02389,POL0181,CLT048,2024-11-26,2024-12-26,1569,1491,encaissée,2024-12-04
PRM02390,POL0181,CLT048,2024-12-26,2025-01-26,1569,1491,encaissée,2024-12-28
PRM02391,POL0181,CLT048,2025-01-26,2025-02-26,1569,1491,encaissée,2025-02-08
PRM02392,POL0181,CLT048,2025-02-26,2025-03-26,1569,1491,encaissée,2025-03-07
PRM02393,POL0181,CLT048,2025-03-26,2025-04-26,1569,1491,encaissée,2025-03-28
PRM02394,POL0181,CLT048,2025-04-26,2025-05-26,1569,1491,encaissée,2025-04-30
PRM02395,POL0181,CLT048,2025-05-26,2025-06-26,1569,1491,encaissée,2025-05-30
PRM02396,POL0181,CLT048,2025-06-26,2025-07-26,1569,1491,encaissée,2025-07-06
PRM02397,POL0181,CLT048,2025-07-26,2025-08-26,1569,1491,encaissée,2025-08-10
PRM02398,POL0181,CLT048,2025-08-26,2025-09-26,1569,1491,encaissée,2025-09-10
PRM02399,POL0181,CLT048,2025-09-26,2025-10-26,1569,1491,encaissée,2025-10-08
PRM02400,POL0181,CLT048,2025-10-26,2025-11-26,1569,1491,encaissée,2025-11-01
PRM02401,POL0181,CLT048,2025-11-26,2025-12-26,1569,1491,encaissée,2025-12-06
PRM02402,POL0181,CLT048,2025-12-26,2026-01-26,1569,1491,encaissée,2025-12-29
PRM02403,POL0181,CLT048,2026-01-26,2026-02-26,1569,1491,encaissée,2026-02-05
PRM02404,POL0181,CLT048,2026-02-26,2026-03-26,1569,1491,encaissée,2026-03-02
PRM02405,POL0181,CLT048,2026-03-26,2026-04-26,1569,1491,encaissée,2026-04-10
PRM02406,POL0181,CLT048,2026-04-26,2026-05-26,1569,1491,encaissée,2026-05-06
PRM02407,POL0182,CLT049,2025-04-30,2025-05-30,2040,1938,encaissée,2025-05-08
PRM02408,POL0182,CLT049,2025-05-30,2025-06-30,2040,1938,encaissée,2025-06-02
PRM02409,POL0182,CLT049,2025-06-30,2025-07-30,2040,1938,encaissée,2025-07-07
PRM02410,POL0182,CLT049,2025-07-30,2025-08-30,2040,1938,encaissée,2025-08-05
PRM02411,POL0182,CLT049,2025-08-30,2025-09-30,2040,1938,encaissée,2025-09-03
PRM02412,POL0182,CLT049,2025-09-30,2025-10-30,2040,1938,encaissée,2025-10-09
PRM02413,POL0182,CLT049,2025-10-30,2025-11-30,2040,1938,encaissée,2025-11-09
PRM02414,POL0182,CLT049,2025-11-30,2025-12-30,2040,1938,encaissée,2025-12-07
PRM02415,POL0182,CLT049,2025-12-30,2026-01-30,2040,1938,encaissée,2026-01-03
PRM02416,POL0182,CLT049,2026-01-30,2026-03-02,2040,1938,encaissée,2026-02-01
PRM02417,POL0182,CLT049,2026-03-02,2026-04-02,2040,1938,encaissée,2026-03-07
PRM02418,POL0182,CLT049,2026-03-30,2026-04-30,2040,1938,encaissée,2026-04-07
PRM02419,POL0182,CLT049,2026-04-30,2026-05-30,2040,1938,encaissée,2026-05-14
PRM02420,POL0183,CLT049,2024-06-29,2024-07-29,948,901,encaissée,2024-07-06
PRM02421,POL0183,CLT049,2024-07-29,2024-08-29,948,901,encaissée,2024-08-09
PRM02422,POL0183,CLT049,2024-08-29,2024-09-29,948,901,encaissée,2024-08-30
PRM02423,POL0183,CLT049,2024-09-29,2024-10-29,948,901,encaissée,2024-10-06
PRM02424,POL0183,CLT049,2024-10-29,2024-11-29,948,901,encaissée,2024-11-04
PRM02425,POL0183,CLT049,2024-11-29,2024-12-29,948,901,encaissée,2024-12-13
PRM02426,POL0183,CLT049,2024-12-29,2025-01-29,948,901,encaissée,2025-01-08
PRM02427,POL0183,CLT049,2025-01-29,2025-03-01,948,901,encaissée,2025-02-04
PRM02428,POL0183,CLT049,2025-03-01,2025-04-01,948,901,encaissée,2025-03-15
PRM02429,POL0183,CLT049,2025-03-29,2025-04-29,948,901,encaissée,2025-03-30
PRM02430,POL0183,CLT049,2025-04-29,2025-05-29,948,901,encaissée,2025-05-14
PRM02431,POL0183,CLT049,2025-05-29,2025-06-29,948,901,encaissée,2025-06-10
PRM02432,POL0183,CLT049,2025-06-29,2025-07-29,948,901,encaissée,2025-07-01
PRM02433,POL0183,CLT049,2025-07-29,2025-08-29,948,901,encaissée,2025-08-13
PRM02434,POL0183,CLT049,2025-08-29,2025-09-29,948,901,encaissée,2025-09-06
PRM02435,POL0183,CLT049,2025-09-29,2025-10-29,948,901,encaissée,2025-10-03
PRM02436,POL0183,CLT049,2025-10-29,2025-11-29,948,901,encaissée,2025-11-02
PRM02437,POL0183,CLT049,2025-11-29,2025-12-29,948,901,encaissée,2025-12-05
PRM02438,POL0183,CLT049,2025-12-29,2026-01-29,948,901,encaissée,2026-01-12
PRM02439,POL0183,CLT049,2026-01-29,2026-03-01,948,901,encaissée,2026-01-31
PRM02440,POL0183,CLT049,2026-03-01,2026-04-01,948,901,encaissée,2026-03-11
PRM02441,POL0183,CLT049,2026-03-29,2026-04-29,948,901,encaissée,2026-04-02
PRM02442,POL0183,CLT049,2026-04-29,2026-05-29,948,901,encaissée,2026-05-06
PRM02443,POL0184,CLT050,2024-05-31,2024-07-01,1558,1480,encaissée,2024-06-01
PRM02444,POL0184,CLT050,2024-07-01,2024-08-01,1558,1480,encaissée,2024-07-10
PRM02445,POL0184,CLT050,2024-07-31,2024-08-31,1558,1480,encaissée,2024-08-14
PRM02446,POL0184,CLT050,2024-08-31,2024-10-01,1558,1480,encaissée,2024-09-08
PRM02447,POL0184,CLT050,2024-10-01,2024-11-01,1558,1480,encaissée,2024-10-12
PRM02448,POL0184,CLT050,2024-10-31,2024-12-01,1558,1480,encaissée,2024-11-12
PRM02449,POL0184,CLT050,2024-12-01,2025-01-01,1558,1480,encaissée,2024-12-03
PRM02450,POL0184,CLT050,2024-12-31,2025-01-31,1558,1480,encaissée,2025-01-13
PRM02451,POL0184,CLT050,2025-01-31,2025-03-03,1558,1480,encaissée,2025-02-06
PRM02452,POL0184,CLT050,2025-03-03,2025-04-03,1558,1480,encaissée,2025-03-14
PRM02453,POL0184,CLT050,2025-03-31,2025-05-01,1558,1480,encaissée,2025-04-11
PRM02454,POL0184,CLT050,2025-05-01,2025-06-01,1558,1480,encaissée,2025-05-09
PRM02455,POL0184,CLT050,2025-05-31,2025-07-01,1558,1480,encaissée,2025-06-06
PRM02456,POL0184,CLT050,2025-07-01,2025-08-01,1558,1480,encaissée,2025-07-15
PRM02457,POL0184,CLT050,2025-07-31,2025-08-31,1558,1480,encaissée,2025-08-03
PRM02458,POL0184,CLT050,2025-08-31,2025-10-01,1558,1480,encaissée,2025-09-05
PRM02459,POL0184,CLT050,2025-10-01,2025-11-01,1558,1480,encaissée,2025-10-03
PRM02460,POL0184,CLT050,2025-10-31,2025-12-01,1558,1480,encaissée,2025-11-12
PRM02461,POL0184,CLT050,2025-12-01,2026-01-01,1558,1480,encaissée,2025-12-16
PRM02462,POL0184,CLT050,2025-12-31,2026-01-31,1558,1480,encaissée,2026-01-14
PRM02463,POL0184,CLT050,2026-01-31,2026-03-03,1558,1480,encaissée,2026-02-07
PRM02464,POL0184,CLT050,2026-03-03,2026-04-03,1558,1480,encaissée,2026-03-09
PRM02465,POL0184,CLT050,2026-03-31,2026-05-01,1558,1480,encaissée,2026-04-13
PRM02466,POL0184,CLT050,2026-05-01,2026-06-01,1558,1480,encaissée,2026-05-04
PRM02467,POL0185,CLT050,2025-06-13,2025-07-13,1370,1302,encaissée,2025-06-24
PRM02468,POL0185,CLT050,2025-07-13,2025-08-13,1370,1302,encaissée,2025-07-25
PRM02469,POL0185,CLT050,2025-08-13,2025-09-13,1370,1302,encaissée,2025-08-22
PRM02470,POL0185,CLT050,2025-09-13,2025-10-13,1370,1302,encaissée,2025-09-14
PRM02471,POL0185,CLT050,2025-10-13,2025-11-13,1370,1302,encaissée,2025-10-26
PRM02472,POL0185,CLT050,2025-11-13,2025-12-13,1370,1302,encaissée,2025-11-16
PRM02473,POL0185,CLT050,2025-12-13,2026-01-13,1370,1302,encaissée,2025-12-21
PRM02474,POL0185,CLT050,2026-01-13,2026-02-13,1370,1302,encaissée,2026-01-24
PRM02475,POL0185,CLT050,2026-02-13,2026-03-13,1370,1302,encaissée,2026-02-19
PRM02476,POL0185,CLT050,2026-03-13,2026-04-13,1370,1302,encaissée,2026-03-14
PRM02477,POL0185,CLT050,2026-04-13,2026-05-13,1370,1302,encaissée,2026-04-19
PRM02478,POL0186,CLT050,2025-10-08,2025-11-08,940,893,encaissée,2025-10-20
PRM02479,POL0186,CLT050,2025-11-08,2025-12-08,940,893,encaissée,2025-11-17
PRM02480,POL0186,CLT050,2025-12-08,2026-01-08,940,893,encaissée,2025-12-18
PRM02481,POL0186,CLT050,2026-01-08,2026-02-08,940,893,encaissée,2026-01-11
PRM02482,POL0186,CLT050,2026-02-08,2026-03-08,940,893,encaissée,2026-02-15
PRM02483,POL0186,CLT050,2026-03-08,2026-04-08,940,893,encaissée,2026-03-21
PRM02484,POL0186,CLT050,2026-04-08,2026-05-08,940,893,encaissée,2026-04-20
PRM02485,POL0187,CLT050,2024-12-12,2025-01-12,1178,1119,encaissée,2024-12-13
PRM02486,POL0187,CLT050,2025-01-12,2025-02-12,1178,1119,encaissée,2025-01-20
PRM02487,POL0187,CLT050,2025-02-12,2025-03-12,1178,1119,encaissée,2025-02-16
PRM02488,POL0187,CLT050,2025-03-12,2025-04-12,1178,1119,encaissée,2025-03-24
PRM02489,POL0187,CLT050,2025-04-12,2025-05-12,1178,1119,encaissée,2025-04-14
PRM02490,POL0187,CLT050,2025-05-12,2025-06-12,1178,1119,encaissée,2025-05-26
PRM02491,POL0187,CLT050,2025-06-12,2025-07-12,1178,1119,encaissée,2025-06-16
PRM02492,POL0187,CLT050,2025-07-12,2025-08-12,1178,1119,encaissée,2025-07-24
PRM02493,POL0187,CLT050,2025-08-12,2025-09-12,1178,1119,encaissée,2025-08-14
PRM02494,POL0187,CLT050,2025-09-12,2025-10-12,1178,1119,encaissée,2025-09-15
PRM02495,POL0187,CLT050,2025-10-12,2025-11-12,1178,1119,encaissée,2025-10-16
PRM02496,POL0187,CLT050,2025-11-12,2025-12-12,1178,1119,encaissée,2025-11-14
PRM02497,POL0187,CLT050,2025-12-12,2026-01-12,1178,1119,encaissée,2025-12-22
PRM02498,POL0187,CLT050,2026-01-12,2026-02-12,1178,1119,encaissée,2026-01-15
PRM02499,POL0187,CLT050,2026-02-12,2026-03-12,1178,1119,encaissée,2026-02-20
PRM02500,POL0187,CLT050,2026-03-12,2026-04-12,1178,1119,encaissée,2026-03-20
PRM02501,POL0187,CLT050,2026-04-12,2026-05-12,1178,1119,encaissée,2026-04-17
PRM02502,POL0188,CLT050,2025-11-07,2025-12-07,498,473,encaissée,2025-11-13
PRM02503,POL0188,CLT050,2025-12-07,2026-01-07,498,473,encaissée,2025-12-08
PRM02504,POL0188,CLT050,2026-01-07,2026-02-07,498,473,encaissée,2026-01-14
PRM02505,POL0188,CLT050,2026-02-07,2026-03-07,498,473,encaissée,2026-02-18
PRM02506,POL0188,CLT050,2026-03-07,2026-04-07,498,473,encaissée,2026-03-20
PRM02507,POL0188,CLT050,2026-04-07,2026-05-07,498,473,encaissée,2026-04-08
PRM02508,POL0189,CLT050,2025-06-28,2025-07-28,1620,1539,encaissée,2025-07-04
PRM02509,POL0189,CLT050,2025-07-28,2025-08-28,1620,1539,encaissée,2025-08-12
PRM02510,POL0189,CLT050,2025-08-28,2025-09-28,1620,1539,encaissée,2025-09-11
PRM02511,POL0189,CLT050,2025-09-28,2025-10-28,1620,1539,encaissée,2025-10-09
PRM02512,POL0189,CLT050,2025-10-28,2025-11-28,1620,1539,encaissée,2025-11-05
PRM02513,POL0189,CLT050,2025-11-28,2025-12-28,1620,1539,encaissée,2025-11-29
PRM02514,POL0189,CLT050,2025-12-28,2026-01-28,1620,1539,encaissée,2026-01-04
PRM02515,POL0189,CLT050,2026-01-28,2026-02-28,1620,1539,encaissée,2026-02-03
PRM02516,POL0189,CLT050,2026-02-28,2026-03-28,1620,1539,encaissée,2026-03-09
PRM02517,POL0189,CLT050,2026-03-28,2026-04-28,1620,1539,encaissée,2026-03-29
PRM02518,POL0189,CLT050,2026-04-28,2026-05-28,1620,1539,encaissée,2026-04-29